,away_team.statistics.fumbles.team.lost,away_team.statistics.kickoffs.team.ret,away_team.statistics.fourth_down_efficiency.team.att,away_team.statistics.passing.team.rating,home_team.statistics.kickoffs.team.kicks,home_team.statistics.fourth_down_efficiency.team.att,home_team.statistics.passing.team.rating
479,0,5,1,129.5,4,2,94.9
480,2,2,2,52.9,8,0,98.9
481,1,4,1,51.0,5,0,5.1
482,0,4,0,117.1,4,2,82.7
483,1,1,1,66.5,9,0,123.4
484,0,3,1,139.9,6,2,70.9
485,0,7,0,136.4,5,0,72.5
486,1,3,3,39.0,7,0,102.4
487,0,2,0,105.1,6,0,69.4
488,1,5,2,96.1,6,0,105.5
489,0,3,0,125.6,4,1,93.3
490,1,1,1,62.5,5,0,70.9
491,0,3,0,83.3,5,0,95.5
492,0,0,2,79.7,6,0,129.2
493,1,4,3,65.3,9,1,125.7
494,0,1,0,102.0,4,2,94.2
495,0,1,2,28.2,5,1,98.8
496,2,1,0,83.5,6,0,120.1
497,2,2,0,82.3,6,0,79.6
498,0,0,0,74.4,6,1,91.0
499,1,4,0,114.9,7,1,128.2
500,0,4,1,72.2,6,1,129.2
501,1,3,2,66.8,5,1,94.7
502,0,4,0,76.9,9,0,89.5
503,0,3,1,87.2,2,0,68.8
504,1,1,1,114.6,6,0,107.5
505,0,1,0,86.3,7,0,117.6
506,1,1,0,74.1,6,2,112.7
508,1,2,0,66.6,6,0,125.1
507,0,2,0,65.1,7,1,119.8
509,0,5,1,78.9,6,0,107.7
510,1,2,1,58.5,6,0,101.5
511,0,6,0,107.0,2,1,48.5
512,1,3,0,107.8,3,0,65.7
513,2,5,2,65.3,7,0,92.4
514,1,3,1,138.4,6,0,90.4
515,1,4,1,118.9,8,0,113.0
516,0,4,1,58.2,6,0,50.2
517,0,5,0,88.4,4,0,75.7
518,0,3,1,39.2,6,1,58.9
519,2,3,0,81.1,4,1,94.7
520,1,1,2,45.2,5,1,75.1
522,3,1,1,64.8,5,1,127.4
521,0,1,0,107.8,2,0,45.2
523,2,2,2,123.2,6,0,103.7
524,1,4,0,115.3,6,0,83.0
525,0,4,0,101.2,5,1,117.7
526,0,2,0,81.5,2,3,99.3
527,1,3,1,59.8,5,1,83.2
534,0,0,0,71.2,4,3,77.2
528,0,1,0,45.8,5,1,75.1
529,2,1,0,120.1,5,0,81.1
530,1,1,0,114.6,7,0,107.2
531,0,2,1,74.6,1,0,42.6
532,0,4,0,115.4,4,0,60.7
533,1,2,1,78.2,7,1,115.5
536,0,1,2,73.4,8,2,127.9
537,2,3,1,86.5,4,2,84.0
535,1,3,1,96.7,3,1,78.8
538,0,1,1,102.4,6,0,83.2
539,0,3,1,109.0,5,1,119.9
540,0,3,1,86.3,6,0,99.4
541,1,2,0,140.1,4,1,69.4
542,1,1,2,72.8,4,0,69.7
543,2,2,2,104.2,4,1,83.2
544,1,5,2,84.3,7,0,103.3
545,1,3,0,55.6,3,0,46.8
546,2,2,1,92.3,4,1,63.5
547,0,0,0,103.0,7,1,81.0
548,1,4,0,89.0,4,0,68.4
549,1,4,1,82.3,3,1,56.8
550,0,3,1,88.8,2,0,37.7
553,3,2,2,115.4,6,1,104.6
551,1,0,2,71.0,7,0,87.6
552,1,2,0,57.5,8,1,156.7
554,1,2,0,96.7,6,1,110.4
555,0,5,0,71.9,4,2,52.9
556,0,5,0,87.8,5,0,75.0
557,0,2,3,48.1,7,0,124.7
558,1,2,2,91.3,4,1,112.0
559,2,1,0,102.2,6,0,59.4
560,1,2,0,87.3,7,0,92.7
561,0,3,2,97.1,6,0,106.9
562,2,2,0,51.3,6,1,112.8
563,0,5,0,69.8,6,0,77.4
564,0,2,1,79.3,5,2,133.7
565,1,2,0,54.2,7,2,45.3
567,1,0,1,83.2,7,1,97.2
566,0,6,0,87.4,2,2,51.9
568,0,3,1,133.8,5,0,45.4
569,2,5,0,129.0,5,1,54.1
570,0,2,1,38.7,4,0,74.5
571,0,3,0,132.2,5,3,82.4
572,0,4,2,93.6,6,1,109.8
573,0,1,0,130.1,5,3,115.2
574,0,1,1,45.4,8,0,100.7
575,0,1,1,96.0,4,1,74.8
576,1,2,0,98.5,3,2,73.4
577,3,4,3,108.9,6,0,78.9
578,1,2,2,88.0,4,1,35.5
579,1,4,1,80.3,7,0,74.4
580,1,8,0,90.3,5,0,95.2
581,1,5,0,89.6,4,1,56.4
582,3,1,1,74.8,4,0,76.3
583,0,1,0,104.2,4,1,74.8
584,0,3,3,70.8,6,2,121.0
585,0,7,1,57.0,4,0,83.3
586,0,5,1,137.4,4,3,84.3
587,1,1,1,96.8,5,0,101.7
588,1,2,2,80.6,5,1,93.1
589,1,2,2,65.1,2,1,55.9
590,0,5,1,125.0,2,3,78.1
591,0,1,1,89.5,5,0,110.7
592,1,4,0,87.0,3,3,65.6
593,0,2,0,83.8,5,0,68.1
594,1,6,0,58.4,5,2,58.3
595,0,1,3,72.8,6,0,138.9
596,0,0,0,157.1,2,4,68.6
597,3,1,0,68.3,6,0,125.0
598,0,4,0,105.8,6,1,81.3
599,1,4,1,83.1,4,1,126.8
600,1,3,2,69.7,6,0,96.9
601,0,2,1,90.9,6,0,105.6
602,0,3,1,94.6,6,1,44.4
603,1,7,1,138.1,3,1,71.1
604,0,3,0,93.6,3,1,81.0
605,0,3,0,100.1,4,5,74.2
607,1,1,0,37.3,6,3,131.3
606,1,1,1,108.6,6,2,85.3
608,1,4,2,98.7,5,0,41.1
609,0,2,0,109.3,5,0,102.8
610,1,4,2,72.4,5,0,128.2
611,1,1,1,80.1,3,2,70.3
619,1,5,0,104.2,8,0,114.2
618,2,2,2,56.0,6,2,127.6
617,0,3,1,89.6,2,0,42.4
616,0,1,0,109.1,7,1,137.5
613,2,2,2,93.4,10,1,112.5
614,2,3,1,99.7,8,0,96.1
612,2,2,0,103.1,4,0,74.0
615,0,2,2,100.7,6,0,113.8
620,2,1,1,47.4,5,1,139.8
621,0,5,0,122.1,5,1,94.5
622,0,3,0,42.9,3,2,39.2
623,0,1,1,46.0,5,1,74.6
624,1,3,0,46.9,5,0,80.5
630,1,5,2,128.0,8,0,121.7
632,1,0,1,93.8,5,1,93.2
631,1,3,2,73.5,5,1,95.8
629,0,3,3,109.8,2,1,75.4
628,1,0,1,40.5,5,1,158.3
627,1,2,1,48.5,5,0,40.5
626,0,4,1,106.4,5,1,54.0
625,0,5,1,116.6,3,5,67.4
633,0,6,0,134.4,4,3,76.3
634,1,4,0,63.2,10,0,127.2
635,1,1,2,74.8,8,0,92.4
636,0,2,0,75.5,3,1,51.1
637,0,3,1,52.7,7,0,133.1
638,0,3,1,78.0,6,0,85.5
639,0,4,0,131.8,7,1,84.1
640,1,8,0,144.5,4,3,94.8
648,0,4,0,65.2,4,0,71.9
647,0,1,0,64.7,5,1,108.0
646,0,3,0,90.5,4,0,47.9
645,0,0,0,125.9,4,0,97.1
644,1,1,2,64.1,6,0,109.0
643,5,1,0,38.7,5,0,78.7
642,1,3,0,110.0,6,0,94.0
641,2,3,3,58.2,6,1,86.5
649,0,1,2,86.6,4,1,91.0
650,1,5,0,90.6,4,3,86.1
651,0,3,0,100.5,3,2,44.7
652,1,3,1,80.8,7,2,114.4
653,0,4,0,125.0,6,1,89.2
654,0,1,0,37.6,6,0,78.5
663,0,2,2,70.8,8,0,84.8
662,0,1,0,121.2,5,3,132.1
661,0,2,2,28.0,2,0,37.8
660,1,4,1,104.9,4,1,119.6
656,1,2,3,57.8,7,1,88.4
658,0,1,0,74.8,5,2,66.2
657,0,2,1,95.8,3,2,49.2
659,0,3,0,41.9,6,0,98.0
655,1,2,1,83.9,2,1,81.3
664,0,1,1,72.8,6,0,103.2
665,1,3,0,66.9,3,1,62.8
666,1,3,0,76.0,5,0,61.9
667,0,5,2,88.2,4,1,86.3
668,1,1,1,96.6,7,1,150.5
669,0,2,0,98.0,4,0,101.9
670,0,2,0,95.8,3,0,101.1
680,0,2,2,68.4,4,0,53.8
679,0,3,2,94.1,6,1,110.1
678,0,3,0,74.6,6,0,76.1
677,1,2,2,98.6,4,0,79.2
676,1,2,0,121.4,7,0,116.4
675,0,1,1,53.5,7,0,79.4
674,0,0,0,71.4,6,0,50.6
673,2,4,0,79.1,3,3,41.3
672,0,5,1,87.4,4,1,87.9
671,0,3,1,62.9,4,0,93.9
681,1,3,3,74.1,5,0,100.2
682,4,1,1,17.3,11,1,84.7
683,2,6,1,75.1,9,0,99.6
684,1,4,2,74.7,6,0,80.7
685,0,1,2,67.7,7,0,110.4
686,2,7,1,74.2,4,0,62.7
694,2,2,2,116.8,4,1,72.5
693,0,7,1,104.4,4,2,66.8
692,0,2,3,73.3,6,1,119.9
691,1,1,3,43.0,8,0,124.6
687,0,2,1,83.9,4,3,94.3
689,1,1,0,95.6,8,0,109.7
688,0,6,0,94.9,4,2,76.5
690,1,0,3,38.9,7,0,142.6
695,0,5,1,104.4,3,1,60.9
696,1,2,1,99.4,2,0,96.5
697,1,2,2,37.6,7,0,58.4
698,0,0,3,53.6,5,0,77.4
699,1,1,0,93.6,6,0,111.3
700,1,5,2,108.5,7,6,68.9
701,1,3,0,30.2,3,0,79.5
702,0,4,0,142.6,5,4,82.7
713,0,1,2,54.3,4,0,75.4
712,1,4,1,81.8,3,0,70.0
711,0,3,0,74.4,4,1,32.8
710,0,4,1,105.3,4,1,73.3
709,0,4,1,102.4,5,4,85.9
703,1,3,1,58.8,3,1,58.6
707,0,2,0,114.2,6,1,123.8
706,0,1,2,41.0,10,3,122.0
705,0,5,0,73.9,5,2,59.9
704,3,2,1,75.9,5,0,93.8
708,1,0,0,81.7,4,4,52.4
714,1,1,3,81.1,7,0,106.6
716,0,3,0,78.0,8,0,114.2
715,1,2,0,76.8,4,2,53.6
717,1,2,1,72.0,7,0,111.9
240,0,0,1,69.4,8,0,141.1
248,1,1,1,96.8,6,1,113.6
250,1,0,0,115.7,2,0,97.2
249,0,2,0,94.4,1,1,36.3
246,1,1,0,97.2,5,1,93.2
245,0,4,0,82.3,3,4,48.4
247,1,1,0,67.9,5,0,78.6
243,1,0,2,63.1,7,1,96.8
242,0,4,1,74.0,2,1,76.7
241,2,1,1,76.4,4,0,105.5
244,0,0,1,70.6,4,1,127.9
251,1,3,0,96.6,7,0,100.7
252,1,2,0,102.6,7,1,129.4
253,3,1,0,102.3,8,0,90.8
254,2,3,1,112.6,6,2,77.7
255,0,1,2,110.0,5,1,95.5
256,1,1,0,27.6,4,0,71.0
265,2,6,2,75.3,5,0,97.7
264,0,4,1,92.1,4,0,76.6
262,1,1,1,107.4,5,1,79.7
261,0,2,2,104.2,7,1,146.0
263,0,1,2,87.8,6,0,117.8
259,2,8,0,124.3,7,0,120.1
258,0,0,2,77.9,3,0,94.4
257,0,0,0,79.8,6,0,89.3
260,2,2,0,99.1,4,0,95.0
266,0,1,1,67.5,3,0,56.1
267,1,0,1,108.3,7,0,75.5
268,0,1,1,92.1,6,0,76.0
269,1,5,0,105.5,6,1,53.3
270,2,1,1,20.1,6,2,63.9
271,1,1,0,73.1,5,1,81.7
272,0,3,2,87.0,4,1,49.4
281,1,3,3,75.7,6,0,64.4
280,0,0,0,43.4,6,0,98.3
279,0,4,0,112.5,5,2,96.6
278,0,2,1,72.8,7,0,87.3
277,0,4,1,95.8,5,0,74.3
274,1,0,6,78.6,6,0,137.2
275,2,4,2,64.5,6,0,105.5
273,0,1,4,54.5,5,2,92.9
276,1,0,1,35.3,7,2,104.4
282,1,2,0,84.4,5,0,94.5
283,0,3,0,82.1,2,1,49.9
284,0,3,2,71.8,5,1,89.9
285,1,2,1,45.4,8,0,135.2
286,0,2,1,90.8,6,1,92.1
287,0,1,1,122.5,8,0,135.8
288,2,3,1,115.7,3,0,59.2
294,0,4,0,91.3,2,1,30.6
296,1,5,0,90.6,7,0,123.4
293,1,3,2,65.6,9,0,83.3
292,1,2,1,49.7,5,0,81.6
295,1,2,3,58.2,4,0,103.9
290,2,1,2,64.8,6,0,84.2
289,0,0,1,46.4,6,0,48.9
291,1,3,0,62.2,3,1,55.7
297,2,0,1,79.2,7,0,129.8
298,1,1,0,108.6,6,0,120.3
299,1,2,1,91.7,3,2,83.7
300,0,1,0,98.5,9,0,140.7
301,0,1,1,119.8,6,2,91.7
302,1,2,0,57.9,7,0,144.5
303,0,3,2,53.0,8,0,91.7
311,1,4,3,78.7,8,0,104.0
310,1,2,1,60.3,4,3,57.7
309,0,1,1,89.8,7,0,106.8
308,1,2,0,73.6,6,1,86.1
306,0,2,1,120.0,4,1,128.1
305,1,1,0,52.2,4,1,81.1
304,1,2,2,73.7,7,0,105.3
307,0,3,0,98.5,4,0,56.1
312,1,1,1,47.8,5,0,57.0
313,1,5,0,129.6,8,0,140.0
314,1,1,3,36.3,7,1,89.0
315,2,4,1,86.4,6,0,135.7
316,0,1,0,147.7,5,2,109.3
317,0,3,0,58.5,6,1,106.5
324,0,4,0,134.6,4,3,70.5
325,0,0,2,143.4,3,2,74.1
323,0,3,0,114.9,3,0,48.8
321,0,0,1,45.7,5,0,56.9
322,1,2,0,133.3,5,2,84.7
319,0,5,1,105.9,6,2,100.5
318,0,1,0,95.9,4,1,76.9
320,1,4,0,84.8,4,2,112.6
326,0,0,3,65.9,6,1,92.9
327,0,3,2,46.8,5,1,98.5
328,2,5,1,79.1,7,1,92.9
329,1,2,0,75.7,7,3,74.7
330,1,2,1,58.3,6,0,72.9
331,0,1,0,66.3,6,0,97.7
332,2,3,1,122.1,6,2,70.4
340,0,3,0,84.2,8,0,105.2
339,0,1,1,53.5,7,0,71.9
338,2,2,2,89.6,8,0,136.3
336,0,2,0,125.2,3,3,80.6
337,0,1,0,135.9,5,0,96.6
334,0,1,0,69.2,2,1,31.8
333,1,1,3,90.7,6,0,148.4
335,0,2,0,70.1,4,1,71.2
341,0,4,0,93.2,4,0,92.1
342,0,3,1,97.1,5,0,107.2
343,0,3,5,48.6,6,0,117.8
344,1,4,0,110.6,4,1,75.6
345,2,4,1,96.1,8,0,99.5
346,2,2,3,40.6,6,0,81.1
347,0,3,1,111.6,4,2,80.1
351,1,2,2,105.4,6,0,102.2
353,1,7,2,119.0,3,5,84.3
348,1,2,1,81.8,2,2,55.4
349,1,2,2,60.8,6,1,69.5
350,2,2,1,72.0,6,1,146.1
352,0,1,0,102.9,6,2,91.3
355,0,4,1,51.2,8,1,125.7
354,0,3,0,70.1,4,0,25.7
356,0,0,2,47.2,7,0,116.0
357,1,1,0,33.0,8,2,94.3
358,0,6,2,130.6,6,0,86.4
359,0,3,0,117.6,4,1,36.8
360,1,3,1,55.4,5,0,92.6
361,0,1,0,48.5,4,1,84.2
362,0,1,0,74.5,4,2,52.2
363,1,0,0,70.4,7,1,68.4
364,0,5,1,81.9,5,0,86.8
365,1,2,3,82.7,6,0,90.1
366,0,5,3,79.0,7,0,68.8
367,0,3,0,133.7,6,0,91.3
368,0,3,0,158.3,5,1,58.3
370,1,2,1,82.4,5,2,112.4
369,1,5,3,95.8,10,1,151.8
371,0,4,0,92.8,5,1,123.4
372,0,3,1,90.7,5,0,57.8
373,0,6,2,114.8,7,0,110.0
374,0,2,5,52.2,5,0,60.0
375,0,1,1,63.5,6,0,77.6
376,0,4,0,49.2,7,0,88.2
377,1,4,0,149.3,4,2,74.5
378,0,4,1,87.7,5,2,79.6
379,0,3,0,134.6,3,1,84.5
380,1,1,0,40.9,5,0,70.3
381,1,4,1,140.6,2,2,59.9
382,1,1,0,52.7,4,0,42.0
384,1,2,1,87.5,6,0,93.4
383,1,0,0,135.2,5,1,99.5
385,0,1,0,72.9,8,1,139.0
386,0,3,1,84.3,5,0,69.3
387,0,3,0,82.2,6,0,111.6
388,0,3,2,53.4,5,0,92.9
389,1,1,2,31.9,8,1,121.9
390,2,1,4,74.7,8,1,119.4
391,1,2,1,81.1,5,2,104.3
392,1,0,4,44.3,8,0,67.3
393,1,5,2,72.6,8,2,131.8
394,0,3,0,105.9,6,1,70.5
395,0,4,0,119.0,3,3,69.0
396,0,2,0,90.1,5,0,84.0
399,1,5,1,52.9,8,0,136.2
398,0,1,0,72.9,5,1,87.8
397,0,2,1,65.7,6,2,92.4
400,1,1,1,77.1,6,0,94.1
401,1,3,1,91.3,5,0,125.4
402,0,0,1,115.5,4,0,97.4
409,0,2,0,138.4,4,1,61.6
407,0,3,2,60.6,5,0,86.4
403,2,1,1,102.4,8,0,86.7
404,1,2,0,26.4,6,0,93.6
405,0,3,1,90.3,3,1,54.7
406,0,5,1,102.2,3,2,70.4
408,0,8,1,127.3,7,0,106.7
411,0,5,0,109.2,6,0,82.8
410,0,1,2,60.1,8,0,111.1
412,0,4,0,84.8,5,2,92.9
413,3,3,0,70.4,7,1,107.4
414,1,6,2,134.5,2,2,56.3
415,2,3,0,51.9,7,0,98.5
416,1,3,0,73.6,6,0,101.7
417,0,3,2,94.6,7,0,98.6
424,1,2,0,114.9,6,3,75.6
418,1,3,2,85.6,5,1,112.0
419,0,5,2,94.2,2,2,27.1
420,0,2,0,104.8,6,1,67.6
421,1,2,1,47.2,6,1,59.4
422,0,1,0,83.7,6,1,94.8
423,1,2,1,73.5,6,2,85.8
425,0,1,2,65.5,6,0,111.5
426,1,2,0,86.4,6,0,86.7
427,1,2,0,83.6,3,0,80.0
428,0,3,0,118.2,5,2,88.7
429,0,3,0,98.7,4,3,102.0
430,1,2,2,77.4,7,2,139.6
431,0,2,2,72.3,6,0,97.0
440,1,4,1,86.0,5,3,64.2
438,1,4,1,81.4,6,0,95.6
437,0,3,0,116.8,6,1,91.7
436,0,5,2,86.0,8,0,88.6
439,0,8,2,95.2,2,2,59.9
434,0,5,0,95.5,5,2,114.2
433,1,1,0,31.2,6,0,40.4
432,0,3,0,113.1,7,1,120.5
435,3,2,2,60.6,6,3,73.9
441,1,5,3,73.6,9,3,107.8
444,0,3,0,81.9,6,0,67.5
443,1,2,2,72.3,8,0,137.4
442,0,2,1,48.5,5,0,112.1
445,0,1,1,85.4,6,0,124.4
446,0,3,2,112.3,9,0,141.9
447,0,4,0,120.0,5,1,92.4
454,0,3,0,88.6,1,0,37.0
455,1,3,0,102.2,6,0,67.6
453,5,4,0,94.8,6,1,86.5
451,1,1,0,105.0,5,1,73.5
452,0,2,1,42.3,6,1,82.8
449,0,5,1,103.5,9,0,116.6
448,0,5,0,108.8,3,2,75.5
450,0,2,2,85.7,5,2,120.6
456,0,3,0,68.6,7,1,118.9
457,1,5,1,158.3,6,1,53.0
460,0,7,0,100.8,7,0,91.3
458,1,2,4,80.4,6,0,126.7
459,0,2,0,113.1,9,0,80.0
461,1,1,5,86.4,7,2,95.2
462,0,2,0,70.3,4,0,48.0
467,0,5,1,96.8,2,1,57.6
468,0,1,4,82.4,4,3,97.3
466,0,0,2,37.3,4,1,89.2
471,0,2,1,72.5,4,0,81.8
464,1,1,2,32.6,7,2,136.2
463,2,0,2,78.7,6,2,99.6
469,0,1,1,113.2,4,0,48.9
465,0,0,1,24.2,6,0,67.6
470,1,5,2,98.7,6,1,71.2
473,0,5,0,48.8,3,0,49.6
472,1,4,1,71.1,5,0,53.9
475,0,2,0,87.3,2,3,43.9
476,1,6,2,87.9,6,0,69.6
474,1,2,2,60.6,7,0,82.7
477,1,3,3,72.8,9,1,131.7
478,0,3,1,93.1,7,0,108.6
1673,0,3,1,81.5,7,1,110.9
1683,2,1,1,96.7,4,0,109.3
1682,2,3,4,69.7,8,0,79.9
1681,1,1,0,90.7,6,0,128.8
1680,0,3,0,111.4,3,2,45.2
1674,0,1,0,91.7,5,0,86.2
1678,1,1,1,89.9,7,1,87.5
1675,0,1,0,113.8,3,0,66.1
1679,0,2,0,94.7,5,0,95.5
1677,0,2,0,94.0,5,1,103.3
1676,0,4,0,98.7,4,2,71.0
1685,0,2,0,125.5,4,1,60.8
1684,0,2,1,108.7,3,0,71.5
1686,0,1,4,83.1,6,0,111.9
1687,0,0,3,53.0,7,0,125.3
1688,0,3,1,75.9,4,0,108.4
1689,2,0,0,64.8,7,1,109.3
1697,0,1,2,48.6,5,0,123.6
1696,0,3,1,103.1,2,1,39.1
1695,0,1,1,69.5,8,2,109.5
1692,1,2,0,89.3,6,2,79.7
1691,1,5,0,93.5,3,1,60.2
1690,1,3,4,73.6,8,0,98.6
1693,2,0,2,72.5,6,0,100.2
1694,0,6,0,66.3,3,1,83.0
1698,1,4,0,99.1,4,0,81.3
1699,1,1,1,119.1,7,0,124.2
1700,0,4,0,129.1,3,2,69.8
1701,0,2,3,64.1,7,0,109.8
1702,0,1,1,79.0,5,1,143.9
1703,0,3,0,119.2,5,2,57.0
1704,0,2,0,84.4,6,1,89.3
1705,4,1,1,71.4,9,0,139.6
1707,0,3,0,131.4,4,2,83.1
1715,0,0,0,77.5,4,0,120.3
1714,0,1,2,41.9,6,1,82.9
1713,0,1,1,79.6,4,0,127.1
1712,1,2,1,88.8,4,0,61.6
1706,1,2,0,116.8,6,2,98.0
1710,0,1,0,62.6,4,1,91.5
1709,0,1,2,61.5,7,1,123.2
1708,0,3,1,103.4,8,0,114.4
1711,0,1,1,134.8,4,0,79.5
1716,0,0,1,103.3,6,1,99.4
1718,2,7,1,136.0,3,2,70.4
1717,1,1,0,85.7,6,0,101.5
1719,0,2,1,112.6,5,1,110.8
1720,1,4,0,94.7,6,2,71.5
1721,0,2,0,117.5,3,0,53.0
1722,0,2,0,151.2,4,3,83.6
1723,1,0,0,93.8,7,0,137.4
1724,0,1,0,116.4,4,0,68.9
1725,0,1,0,59.4,6,0,75.1
1726,1,2,0,54.8,8,0,123.3
1727,0,1,1,77.9,5,1,121.1
1728,2,5,2,109.3,3,1,67.9
1729,1,1,2,81.8,8,0,130.0
1731,0,2,0,87.2,9,1,98.9
1730,2,2,2,42.3,7,0,87.9
1732,2,1,2,100.6,7,0,137.4
1733,1,2,0,83.9,7,0,144.4
1734,1,0,2,45.8,7,0,113.3
1743,0,2,1,64.4,5,0,98.0
1742,0,0,0,88.1,3,0,78.8
1741,0,4,0,91.8,7,0,70.1
1740,0,5,2,83.2,7,0,104.9
1735,3,1,1,103.7,7,0,86.2
1738,2,1,3,65.1,5,1,72.8
1736,0,2,2,97.9,6,1,123.6
1739,2,1,1,95.5,6,0,84.8
1737,1,3,0,103.1,4,1,52.0
1744,0,0,0,65.7,8,0,110.2
1745,0,4,0,65.7,7,1,88.7
1746,1,0,1,33.4,6,0,125.3
1747,3,1,1,112.6,10,1,110.7
1748,0,1,1,127.3,4,0,102.0
1749,1,0,0,97.7,5,1,109.3
1756,0,1,2,64.4,6,0,113.0
1755,0,2,1,99.7,5,1,83.3
1754,0,2,2,83.5,2,1,41.3
1752,1,1,0,88.7,5,0,87.4
1750,0,2,0,139.6,4,2,94.1
1753,0,6,0,117.9,4,0,70.9
1751,1,3,0,149.7,4,2,83.0
1757,0,3,1,120.3,5,0,107.7
1760,2,5,0,110.2,6,1,47.6
1758,0,3,0,109.6,4,2,73.1
1759,1,1,1,78.2,7,0,93.9
1761,1,0,1,84.1,6,0,79.0
1762,1,2,2,123.9,4,0,65.2
1763,0,4,0,88.6,5,0,103.5
1772,0,1,1,55.4,6,0,105.7
1771,1,2,2,91.2,5,0,85.3
1770,0,1,1,82.0,7,0,150.5
1769,2,0,3,46.3,5,0,40.3
1766,0,2,0,56.1,4,1,95.4
1767,1,2,1,91.8,5,0,101.3
1768,1,2,3,86.2,5,1,91.8
1765,0,4,0,110.1,5,1,132.7
1764,0,2,1,123.6,3,3,74.4
1773,0,3,0,103.4,5,0,83.4
1774,0,3,1,103.3,4,0,75.4
1775,2,0,1,116.7,6,0,135.7
1776,0,1,2,83.7,7,0,155.3
1777,2,3,2,98.7,7,0,123.2
1778,0,2,1,92.7,6,0,124.2
1779,0,2,0,78.8,4,0,108.3
1781,1,1,3,98.4,10,0,147.5
1782,0,2,0,73.3,4,2,58.6
1783,0,3,3,43.1,6,1,89.3
1784,0,2,0,81.5,4,2,81.1
1785,0,3,0,83.9,4,2,93.4
1786,1,3,0,77.5,4,2,61.0
1787,0,1,1,75.4,7,0,98.7
1780,0,6,0,142.8,4,1,17.0
1788,1,0,1,75.4,5,1,90.3
1790,2,0,4,75.6,6,0,111.5
1789,0,2,0,91.0,8,1,150.6
1791,1,0,2,94.4,8,1,138.4
1792,0,2,1,94.3,5,1,107.2
1793,1,4,1,94.9,3,0,39.4
1794,0,3,1,72.8,5,2,85.4
1795,0,5,0,96.4,6,0,79.1
1796,1,1,1,27.9,8,1,116.3
1797,0,4,1,90.0,5,1,88.2
1798,0,2,5,94.1,5,0,106.8
1799,1,2,2,93.5,4,1,82.8
1800,0,3,0,103.7,4,1,55.5
1801,0,3,0,44.6,3,0,97.7
1803,1,2,2,66.5,7,0,63.9
1802,0,1,4,80.9,9,1,97.4
1804,1,1,2,91.3,7,1,136.3
1805,0,4,0,108.4,5,2,86.9
1806,1,2,0,92.3,2,1,10.3
1812,0,2,0,96.0,4,1,79.7
1813,1,4,0,138.1,3,4,73.0
1811,1,4,1,76.3,5,2,81.2
1808,2,2,1,81.8,5,0,116.0
1809,1,4,0,81.8,5,3,92.1
1807,1,4,1,76.4,4,1,81.9
1810,1,1,0,76.0,4,1,89.9
1814,0,2,1,105.2,4,0,68.8
1815,1,2,2,62.6,6,0,90.1
1816,1,1,1,81.9,7,1,53.7
1817,1,1,4,67.0,10,2,132.7
1818,2,0,1,71.5,8,1,99.9
1819,0,2,2,69.7,5,0,114.8
1826,0,5,1,95.3,2,2,61.3
1827,0,3,3,98.2,5,0,87.5
1825,1,5,1,81.7,3,3,36.6
1824,1,5,0,137.5,2,1,73.3
1823,1,4,0,91.7,4,0,82.3
1822,0,0,0,143.9,3,1,100.7
1821,0,4,2,76.2,4,3,98.0
1820,0,2,3,75.3,7,0,102.7
1828,1,1,1,62.4,4,0,89.5
1829,2,3,3,80.3,10,0,121.3
1830,0,1,1,63.6,3,0,91.4
1831,0,2,0,85.0,5,3,90.0
1832,0,5,0,81.1,5,0,110.2
1833,0,4,1,94.0,5,1,75.2
1839,1,2,1,55.5,6,0,100.1
1838,0,1,1,84.6,5,3,49.2
1840,0,5,0,109.7,5,1,79.8
1836,2,4,2,88.1,10,0,78.3
1835,0,4,0,51.1,5,0,86.7
1834,2,3,1,64.7,4,0,87.0
1837,0,1,3,49.5,6,1,94.0
1841,1,2,1,57.3,6,0,98.9
1842,0,1,0,54.8,6,0,121.6
1843,1,4,0,70.0,3,2,93.5
1844,0,3,1,104.9,7,1,135.4
1845,1,4,0,143.4,5,1,112.3
1846,0,1,1,56.5,7,1,115.4
1847,1,1,0,120.7,6,1,118.5
1848,0,3,0,76.7,7,2,116.0
1849,1,6,0,102.2,3,1,53.7
1850,0,3,1,118.8,2,0,36.7
1859,3,3,0,101.0,6,0,84.7
1857,1,5,2,113.1,8,0,137.0
1858,1,0,1,58.6,7,2,57.2
1856,1,1,0,72.0,8,1,147.5
1852,0,2,0,61.8,4,1,58.1
1854,0,3,0,140.0,6,1,76.4
1853,1,7,0,113.5,8,0,104.9
1851,2,0,1,46.4,9,0,116.3
1855,0,1,1,65.7,6,0,120.7
1860,1,3,0,72.0,7,1,105.8
1861,0,4,1,102.7,7,0,112.6
1862,1,8,2,85.3,4,2,95.0
1863,0,2,0,77.7,4,0,35.7
1864,0,6,2,138.0,5,3,96.4
1873,0,4,2,88.7,4,2,63.0
1872,0,1,0,114.0,3,2,69.7
1870,0,4,0,133.3,1,3,59.0
1871,0,4,0,75.7,2,3,57.6
1868,1,2,1,67.3,7,2,133.3
1867,0,2,1,106.8,4,1,98.9
1866,1,7,0,87.4,7,0,117.7
1865,0,4,0,118.5,4,1,119.6
1869,2,5,1,59.8,5,0,29.3
1874,1,2,3,74.8,5,0,56.9
1875,1,2,2,86.8,5,0,88.1
1876,0,3,1,54.4,5,1,140.2
1877,2,4,1,99.3,3,1,76.3
1878,1,2,0,90.8,3,1,73.9
1879,0,6,3,116.9,9,1,123.3
1880,0,4,0,65.8,3,1,58.6
1889,2,4,0,60.7,6,0,91.4
1888,1,2,1,64.7,6,0,111.9
1887,0,5,2,53.6,1,1,27.3
1886,1,2,3,54.9,4,0,76.5
1884,1,3,1,99.5,5,2,118.5
1883,0,1,3,64.5,5,0,99.4
1882,0,4,0,109.2,5,0,102.3
1881,0,2,0,34.3,6,0,54.2
1885,0,3,5,73.5,8,0,93.4
1890,0,2,0,114.4,3,0,62.2
1891,0,5,1,88.2,4,1,71.1
1892,0,0,2,84.9,4,0,87.4
1893,0,1,4,81.3,4,0,69.4
1894,1,4,0,129.1,6,0,60.4
1895,1,6,0,137.8,3,2,55.8
1896,0,1,1,102.9,4,0,76.8
1897,1,4,0,99.9,6,0,81.8
1898,0,7,3,82.0,6,1,87.8
1906,0,3,0,70.7,4,0,74.8
1905,1,3,2,53.7,3,3,77.0
1904,0,3,0,114.1,6,0,118.8
1899,1,3,2,88.8,5,0,112.1
1902,1,1,1,108.1,1,1,48.1
1901,0,0,2,41.7,8,0,59.3
1900,0,3,0,76.1,5,0,83.9
1903,0,3,0,106.5,3,2,72.4
1907,0,5,0,148.8,5,0,110.2
1908,0,1,0,87.9,7,0,89.6
1909,1,0,1,69.8,7,0,158.0
1910,0,3,0,121.7,3,1,46.2
1911,0,3,0,61.8,8,1,93.1
1194,0,1,2,95.4,5,0,143.8
1197,1,1,1,93.5,3,1,68.8
1198,0,0,0,118.6,5,1,83.1
1199,1,1,2,63.6,6,0,123.8
1200,0,1,1,71.3,3,2,54.5
1201,4,1,2,76.4,6,1,95.7
1196,0,3,2,90.1,7,0,115.8
1195,0,3,1,140.5,6,3,67.5
1202,0,1,0,83.5,7,0,103.6
1203,0,1,1,83.2,6,0,122.8
1204,1,3,0,158.3,3,4,64.0
1205,0,3,1,115.9,3,3,85.7
1206,0,0,1,38.2,6,0,59.9
1207,0,5,0,70.3,6,0,103.3
1208,0,3,1,77.1,7,0,90.1
1209,0,0,2,79.0,5,0,83.0
1210,0,1,1,86.9,5,0,53.9
1215,0,2,0,96.6,5,1,105.4
1220,2,3,0,113.1,5,0,126.1
1219,2,2,2,79.6,6,1,120.6
1218,0,1,1,76.3,5,0,110.3
1217,3,1,2,96.3,5,1,133.9
1216,2,1,0,114.6,4,1,80.5
1212,0,1,4,57.0,5,0,71.3
1214,1,0,5,106.7,7,0,155.8
1213,2,2,2,105.6,6,1,93.3
1211,1,3,1,115.5,5,1,75.1
1221,1,0,2,102.5,8,0,100.9
1222,0,2,1,108.0,5,0,102.2
1223,2,1,0,106.0,3,1,65.6
1224,1,1,0,91.8,7,0,116.9
1225,0,4,0,93.3,2,0,52.8
1226,1,2,3,69.8,7,1,119.1
1236,0,0,1,83.1,10,0,118.1
1235,0,1,0,109.1,5,1,87.8
1234,0,2,0,69.3,5,0,75.6
1233,1,4,0,73.2,4,0,62.6
1232,0,0,1,82.6,7,1,84.2
1227,0,2,0,84.7,3,2,70.6
1230,1,2,1,94.7,6,0,50.9
1229,1,1,2,122.3,5,3,92.4
1228,1,1,0,115.9,5,1,83.8
1231,1,1,1,89.7,6,1,119.7
1237,0,1,0,16.7,7,1,102.5
1238,0,4,0,136.7,3,4,59.7
1239,0,1,0,61.6,6,2,101.4
1240,1,0,1,101.7,3,1,74.5
1241,0,2,2,80.2,7,1,138.5
1242,1,1,4,73.9,4,2,95.7
1243,0,6,0,76.5,3,4,53.0
1244,0,4,0,91.6,3,3,82.8
1245,3,1,2,76.8,7,1,112.6
1246,0,3,0,80.2,5,0,87.4
1247,1,1,0,84.9,6,1,89.4
1248,2,1,1,122.6,6,0,91.8
1249,1,3,0,97.5,5,2,57.0
1250,1,3,0,95.2,6,0,127.1
1251,1,5,0,119.1,6,0,118.1
1252,0,1,2,99.0,2,1,55.4
1254,0,1,0,126.9,7,2,84.7
1253,1,2,2,92.4,6,1,68.9
1255,0,1,1,105.6,5,1,119.4
1256,1,3,0,83.4,4,0,125.0
1257,0,0,1,107.4,4,1,97.8
1265,3,1,1,90.7,9,2,88.5
1258,0,0,1,69.7,6,3,55.1
1259,1,0,1,125.4,8,0,122.5
1260,0,6,0,111.3,6,0,81.8
1261,1,2,1,88.4,4,0,82.8
1262,0,0,1,27.2,5,1,82.8
1263,0,4,0,91.4,5,0,95.9
1264,1,3,0,97.7,4,0,68.1
1266,0,3,0,136.8,4,1,59.2
1267,0,2,0,62.3,3,2,82.1
1268,0,1,1,130.9,3,2,66.9
1269,0,2,0,107.1,7,0,110.2
1270,0,1,0,73.1,5,0,99.7
1271,3,0,4,102.0,6,1,108.1
1278,0,3,0,97.8,3,2,71.4
1277,0,3,0,88.8,7,1,117.7
1276,0,3,2,119.3,4,2,70.6
1275,1,2,2,92.4,5,1,65.1
1279,1,4,1,83.7,7,0,117.5
1273,0,4,0,118.6,4,2,81.7
1272,0,4,1,53.3,6,1,63.3
1274,0,3,2,56.6,7,0,113.1
1280,0,2,1,65.6,6,0,96.7
1281,0,0,1,77.8,7,0,128.2
1282,1,3,3,99.7,6,0,107.7
1283,0,1,1,104.8,5,3,98.1
1284,1,2,1,62.3,6,0,61.3
1285,0,4,1,84.5,2,0,68.8
1286,2,2,1,75.3,6,1,74.2
1292,0,4,1,79.9,4,0,81.0
1294,1,2,0,128.1,6,0,124.7
1293,1,3,2,60.8,6,0,99.9
1291,1,4,1,118.3,4,2,126.4
1290,0,2,1,76.3,8,0,158.3
1289,1,3,0,97.7,7,1,94.3
1288,0,1,2,64.7,2,1,62.4
1287,4,2,1,100.1,5,0,86.0
1295,0,4,0,137.7,5,0,83.7
1296,1,3,1,62.3,6,0,76.7
1297,0,2,2,58.7,6,0,59.2
1298,1,0,1,80.4,6,0,122.1
1299,0,1,2,64.6,7,1,133.2
1300,0,2,2,64.3,8,0,107.6
1306,1,2,2,138.2,8,1,131.7
1305,0,2,0,64.7,3,0,57.8
1304,0,1,0,126.1,7,1,103.3
1308,3,2,0,117.7,4,1,83.6
1302,0,2,1,59.2,5,0,101.9
1301,0,3,0,72.5,5,1,94.4
1307,2,1,1,70.8,5,1,103.9
1303,0,2,1,85.0,6,3,109.0
1309,0,4,3,89.9,7,0,130.9
1310,0,0,0,81.3,5,2,59.3
1311,0,1,0,69.7,6,0,96.9
1312,1,2,1,50.9,7,2,76.8
1313,0,1,2,71.3,6,1,139.8
1314,1,3,0,101.2,6,0,146.5
1315,3,4,0,96.9,8,2,88.2
1316,2,4,0,87.6,5,1,106.5
1317,1,2,1,68.4,6,1,96.0
1318,1,3,0,135.7,6,0,118.2
1319,0,4,1,68.8,5,0,57.5
1320,1,2,3,96.6,8,0,104.4
1321,0,4,1,74.3,6,0,74.7
1322,0,3,0,93.1,4,2,73.4
1323,0,2,0,78.6,6,0,98.4
1324,0,1,2,103.4,7,2,105.0
1325,1,1,0,100.5,5,1,89.4
1326,0,3,1,91.3,4,3,57.6
1334,0,2,0,94.3,4,2,91.7
1333,0,1,0,65.8,4,1,98.0
1332,0,0,0,69.0,3,0,55.9
1331,0,2,2,83.8,9,0,158.3
1328,0,5,0,116.2,3,0,72.4
1329,0,3,1,87.8,4,0,83.6
1327,2,1,1,151.0,4,2,51.6
1330,2,0,3,95.8,7,1,119.4
1335,0,6,0,96.8,3,0,83.7
1336,0,0,1,86.0,3,3,23.2
1337,1,3,1,92.8,7,0,96.9
1338,2,5,0,98.1,8,1,67.2
1339,0,3,1,66.7,3,1,61.0
1340,1,0,0,82.0,6,0,88.4
1346,0,2,1,127.1,5,1,70.4
1348,0,0,2,52.9,5,0,100.9
1347,0,3,2,83.5,3,1,90.3
1345,0,3,0,73.6,5,0,88.0
1344,1,5,1,131.6,4,0,67.2
1343,4,2,0,75.2,3,1,70.2
1342,1,1,0,84.5,4,1,67.3
1341,4,2,1,89.2,9,1,123.3
1349,0,2,1,108.8,2,1,65.7
1350,0,5,0,86.9,3,2,98.1
1351,0,0,0,98.2,6,0,138.5
1352,1,3,1,99.8,7,0,111.2
1353,1,2,1,75.3,5,0,72.3
1354,1,1,0,116.1,8,0,137.8
1355,0,0,0,79.7,4,1,49.9
1356,0,3,0,90.8,3,2,62.4
1365,0,0,1,118.4,7,3,86.2
1364,2,4,1,106.4,7,0,112.5
1363,0,3,2,59.4,5,2,114.4
1362,0,1,0,72.6,3,1,76.0
1361,0,0,3,55.5,6,1,120.5
1359,0,2,1,61.6,5,0,107.6
1358,1,1,2,84.8,7,1,118.9
1357,2,1,1,117.2,4,1,69.4
1360,0,4,1,74.4,7,0,100.8
1366,0,4,1,80.3,3,2,94.4
1367,0,5,1,66.3,7,0,147.9
1368,1,2,1,99.3,6,1,72.5
1369,0,2,2,74.6,6,2,89.7
1370,0,2,1,96.2,6,1,102.1
1376,0,3,0,80.7,5,0,89.6
1379,0,5,3,138.3,1,2,71.2
1378,0,2,1,77.1,3,0,78.0
1377,1,4,1,107.9,6,2,80.1
1375,1,6,1,141.1,2,1,55.4
1372,0,2,0,84.9,6,0,64.2
1373,0,4,1,94.4,6,0,127.2
1374,1,4,1,134.5,7,0,118.2
1371,0,5,1,110.0,2,2,43.3
1380,0,1,0,76.8,2,2,57.1
1381,2,4,0,123.7,4,2,68.3
1382,1,5,0,99.3,5,2,74.3
1383,2,1,2,122.1,6,1,91.6
1384,1,1,3,63.4,9,0,126.4
1385,3,5,0,80.1,4,0,101.4
1386,3,1,0,108.0,6,1,117.6
1397,0,1,3,64.4,3,0,87.4
1396,2,0,4,56.5,7,1,144.2
1395,0,3,0,85.6,5,0,80.8
1394,0,0,3,96.4,5,0,92.1
1393,1,0,2,56.3,9,1,114.6
1392,0,0,3,78.6,7,1,108.9
1388,0,2,0,104.2,4,0,117.0
1390,1,0,0,140.3,2,1,68.1
1389,0,1,0,113.1,4,1,83.1
1387,1,3,0,74.8,6,0,77.4
1391,0,0,1,84.1,4,0,59.7
1398,0,0,0,79.0,6,3,84.4
1399,0,2,2,41.5,5,1,99.5
1400,1,1,0,116.8,3,2,71.4
1401,1,4,0,151.5,5,2,85.0
1402,1,4,1,85.7,6,0,158.0
1403,0,5,1,87.4,5,1,42.7
1404,1,3,2,75.4,3,0,67.2
1405,0,6,0,108.5,2,3,72.5
1406,1,1,0,116.9,6,2,96.7
1407,1,1,1,87.1,8,0,107.7
1408,1,1,1,93.4,7,0,154.4
1409,0,3,0,81.4,4,1,82.9
1410,0,3,3,112.4,6,0,153.7
1412,0,4,0,69.9,6,0,128.3
1411,1,4,0,68.8,5,4,63.8
1415,1,2,2,83.1,7,0,94.5
1413,1,3,1,115.6,3,2,58.3
1414,1,0,3,77.6,6,0,102.9
1416,0,5,0,97.3,4,2,91.6
1417,1,2,0,148.6,6,2,103.1
1418,1,6,1,85.2,5,0,72.7
1419,0,2,0,120.3,5,3,91.4
1428,1,2,2,106.3,7,1,118.6
1427,0,4,4,40.6,4,1,93.9
1423,0,1,3,89.6,5,0,109.4
1426,0,1,0,100.2,4,0,96.2
1421,1,3,2,63.4,5,0,95.0
1420,1,1,1,69.0,5,0,119.6
1425,1,2,0,48.6,4,1,80.6
1422,1,1,0,112.2,2,1,63.7
1424,0,0,0,76.4,5,1,84.2
1429,0,1,0,124.5,7,1,135.4
1430,3,1,3,67.5,7,0,107.6
1431,0,4,0,86.0,4,1,88.4
1432,0,3,2,71.0,11,0,93.4
1433,1,3,0,87.8,5,0,100.3
956,0,0,0,69.5,4,1,69.1
958,0,2,1,95.1,6,4,85.4
965,0,3,2,76.2,6,0,89.1
964,0,0,0,97.3,6,2,97.8
963,0,5,0,98.5,7,1,131.3
957,0,2,2,79.9,4,1,100.3
961,0,5,0,77.3,4,0,86.5
959,0,3,0,125.1,6,2,112.6
962,0,3,0,114.0,6,0,77.0
960,0,2,2,55.0,6,1,101.0
966,0,0,1,74.8,3,3,77.5
967,0,2,0,128.6,7,0,119.5
968,0,1,0,110.3,6,0,69.4
969,2,4,0,106.1,4,0,104.7
970,0,1,2,112.4,5,2,72.7
971,0,0,2,34.2,5,2,84.2
972,1,5,0,116.5,6,2,113.2
980,0,1,0,89.5,4,1,104.1
979,1,2,1,103.7,6,1,84.0
978,1,6,1,64.9,10,0,111.8
976,3,2,0,68.1,6,1,68.8
974,2,1,1,84.3,5,1,78.5
973,0,2,1,72.6,4,1,80.4
977,0,2,1,102.8,4,0,72.9
975,2,1,1,93.5,6,0,126.4
981,1,0,1,39.2,8,0,114.2
982,1,0,0,84.7,4,0,85.3
983,1,0,2,77.8,7,0,135.0
984,0,2,0,131.5,5,2,115.0
985,1,0,1,64.3,8,0,78.6
986,2,2,1,70.7,4,2,121.2
987,0,5,3,86.6,3,1,81.8
988,2,1,3,60.6,6,0,72.9
989,0,2,0,93.0,4,2,49.0
996,1,2,0,132.1,4,1,72.8
995,0,1,1,112.3,7,0,129.3
994,1,4,1,64.0,4,0,60.6
990,1,3,1,36.0,8,0,51.9
992,1,1,1,109.4,6,0,82.1
991,0,0,0,79.3,3,1,46.8
993,1,1,0,85.3,5,0,93.9
997,1,0,0,87.0,6,2,93.0
998,0,2,1,51.9,8,0,107.3
999,1,1,2,62.4,7,0,125.9
1000,3,2,0,92.5,6,1,91.2
1001,2,2,2,18.2,5,1,105.2
1002,2,1,1,93.7,6,1,123.6
1003,0,0,2,113.2,5,2,97.5
1004,1,1,1,80.2,7,1,111.8
1005,0,4,2,84.8,6,1,96.4
1007,1,4,0,123.4,6,2,83.7
1008,0,2,0,94.6,1,3,86.2
1009,0,1,1,54.1,6,1,82.5
1010,0,1,0,133.5,4,1,53.0
1011,0,2,1,88.6,9,0,142.0
1012,2,1,1,81.6,6,0,116.5
1006,0,1,0,56.8,4,1,120.1
1013,0,2,0,106.7,2,1,40.1
1016,1,2,1,111.3,4,0,59.3
1014,0,2,0,114.7,4,1,91.9
1015,0,2,1,74.7,7,1,93.3
1017,1,0,3,81.0,7,0,152.5
1018,1,1,2,63.3,5,0,101.9
1019,0,2,0,77.1,5,1,56.1
1021,0,4,1,124.6,4,1,86.5
1022,0,1,1,93.6,6,1,124.4
1023,0,2,1,117.5,4,0,62.3
1024,1,2,0,102.8,5,2,135.0
1025,1,1,2,85.4,3,3,81.0
1026,0,3,1,56.1,6,0,123.1
1020,1,3,1,120.0,8,1,113.4
1027,1,3,3,98.4,5,4,81.0
1028,0,4,0,97.0,6,2,68.1
1029,2,0,1,122.1,7,1,93.4
1030,0,2,1,104.6,5,0,117.9
1031,1,2,0,78.2,5,0,65.0
1032,0,1,0,93.6,3,1,67.3
1033,2,2,1,77.9,6,1,90.9
1035,1,0,2,77.8,8,0,103.8
1036,0,0,2,105.0,5,0,132.6
1037,0,0,2,73.9,6,3,100.2
1038,0,2,2,103.4,7,1,140.0
1039,0,0,1,55.5,7,0,97.4
1040,0,2,1,126.7,6,2,139.8
1041,0,3,0,77.7,6,0,85.8
1042,1,2,1,83.8,8,1,118.2
1034,1,0,0,84.3,5,1,78.8
1043,0,4,0,107.2,2,2,81.1
1044,1,2,1,117.4,5,1,90.8
1045,1,5,2,102.8,6,0,88.8
1046,0,1,1,87.0,6,0,90.7
1047,0,0,2,47.7,5,0,95.5
1048,0,2,0,22.9,6,2,102.2
1049,1,3,0,78.2,3,1,50.1
1050,0,1,0,49.9,5,0,128.3
1051,3,1,3,71.6,5,1,52.4
1052,0,1,0,123.1,6,0,95.8
1053,0,3,0,88.5,6,0,99.4
1054,0,4,1,85.4,5,0,58.9
1055,2,0,0,106.9,5,0,103.5
1056,1,1,0,110.3,6,0,126.0
1057,1,2,1,54.0,5,1,122.3
1058,1,1,1,84.6,7,1,87.0
1059,0,1,1,117.2,4,1,56.4
1060,2,3,0,124.2,5,2,76.6
1061,2,1,2,60.1,6,0,88.3
1062,1,1,1,97.5,7,0,146.4
1068,0,2,1,78.0,7,0,107.4
1069,0,1,1,89.5,5,1,83.4
1067,0,2,1,79.0,5,0,71.1
1063,1,2,1,111.1,7,2,78.0
1065,1,2,1,117.4,6,0,88.0
1064,0,3,0,137.0,5,4,66.5
1066,0,0,0,112.9,3,2,79.5
1070,0,0,2,48.8,6,1,65.2
1071,0,1,1,125.5,7,1,129.5
1072,1,1,0,89.4,6,2,77.8
1073,0,1,2,88.6,5,0,100.5
1074,1,0,0,144.7,5,2,116.3
1080,3,2,2,78.5,6,1,86.3
1079,0,3,0,67.2,6,1,83.8
1076,0,1,2,67.3,5,0,84.1
1077,0,2,4,64.5,5,1,96.6
1078,0,3,0,87.6,5,2,103.4
1075,0,3,2,140.3,3,1,104.4
1082,0,1,0,93.9,3,3,76.0
1081,0,3,0,122.1,6,2,102.3
1083,0,3,0,74.0,6,0,94.8
1084,1,0,1,88.6,9,0,117.6
1085,1,2,1,81.3,7,0,80.6
1086,0,3,1,88.5,6,0,137.0
1087,1,2,0,51.8,5,0,97.2
1095,0,2,1,85.3,5,1,84.1
1094,0,2,0,76.9,4,0,111.7
1092,1,1,4,76.3,9,1,150.5
1093,0,3,0,72.2,2,0,70.2
1090,2,2,0,55.1,7,0,107.1
1089,0,2,1,104.9,7,0,110.9
1088,0,2,1,65.5,4,1,78.9
1091,0,5,1,78.7,6,1,86.7
1096,1,1,0,130.6,5,0,61.4
1097,1,3,1,89.6,4,0,74.9
1098,1,2,0,121.7,7,0,125.4
1099,0,2,0,124.6,5,1,90.1
1100,0,3,0,74.5,4,2,81.6
1101,1,3,2,99.3,6,0,71.8
1107,1,0,0,73.8,6,0,97.8
1109,0,2,3,106.3,5,1,94.6
1106,1,5,0,97.3,4,0,99.0
1108,0,0,0,98.4,6,0,127.2
1104,0,3,0,81.5,5,2,95.5
1103,0,3,1,70.9,3,0,57.0
1102,0,2,1,74.7,3,5,67.7
1105,0,1,1,63.3,6,1,98.7
1110,0,2,0,89.3,3,1,65.8
1111,0,1,1,114.6,4,0,97.4
1112,0,1,3,61.2,6,0,109.8
1113,1,2,2,100.6,8,1,145.8
1114,1,0,2,81.5,6,2,117.0
1115,0,2,1,80.6,4,2,82.5
1116,0,1,2,120.7,6,0,108.9
1117,0,2,0,141.1,2,4,67.4
1125,0,1,2,80.7,7,1,106.1
1124,0,1,1,89.6,5,1,114.6
1123,0,2,0,126.4,4,3,72.8
1120,1,5,2,94.1,6,0,130.6
1121,0,0,0,116.2,4,2,45.6
1119,1,1,1,100.3,8,2,146.8
1118,2,3,1,78.7,5,2,84.7
1122,1,2,0,115.4,3,2,87.5
1126,1,2,1,38.8,4,0,106.3
1127,1,2,1,86.3,7,0,97.7
1128,0,3,1,89.3,4,0,115.2
1129,0,0,1,79.7,7,1,125.6
1130,0,3,1,116.7,4,1,75.5
1131,2,4,0,108.3,5,0,90.1
1139,0,1,5,58.2,8,0,130.0
1137,0,1,0,61.8,3,2,37.9
1138,1,2,2,97.6,4,2,108.9
1136,0,2,0,111.3,3,0,63.3
1134,0,1,0,63.1,6,2,114.3
1133,1,1,2,125.0,6,1,90.0
1132,0,3,0,42.4,5,0,97.5
1135,0,2,1,43.9,7,2,93.5
1140,1,1,0,55.8,7,0,97.3
1141,0,0,1,93.8,4,0,79.8
1142,0,2,3,69.9,6,1,95.4
1143,1,0,0,77.6,6,1,105.3
1144,1,1,1,57.9,9,1,93.4
1145,1,6,1,147.8,3,2,37.7
1146,0,3,3,49.1,4,1,95.7
1155,0,4,0,112.2,3,1,38.4
1154,0,2,0,58.9,4,1,68.4
1153,0,2,1,92.2,5,0,64.3
1152,1,3,1,106.5,5,1,91.8
1151,2,2,0,60.8,4,0,125.3
1150,2,2,2,94.2,4,0,44.5
1149,0,4,1,116.0,6,3,86.7
1148,0,3,1,37.8,4,0,100.1
1147,2,2,1,57.2,7,1,54.6
1156,0,1,1,75.5,4,1,84.3
1157,0,0,2,48.5,6,0,82.9
1158,0,6,0,118.3,3,0,54.4
1159,1,2,1,43.7,7,1,142.7
1160,1,2,2,45.4,3,2,78.4
1161,0,3,0,92.1,5,1,116.8
1162,0,2,4,64.8,5,1,122.1
1163,0,4,0,126.2,4,3,51.5
1171,0,3,1,81.8,7,1,101.1
1170,0,4,1,87.0,6,0,81.7
1169,0,5,0,93.1,5,1,60.3
1165,1,1,0,71.8,4,0,115.3
1167,2,2,1,67.9,4,2,56.1
1166,0,4,1,125.6,3,1,84.5
1164,0,5,3,52.7,6,0,83.5
1168,0,2,1,36.6,6,1,63.1
1172,1,0,0,95.9,8,0,144.4
1173,1,6,1,127.9,7,1,110.2
1174,1,4,0,81.7,4,1,86.2
1175,0,2,1,68.2,2,1,73.1
1176,1,3,1,55.3,7,0,99.0
1177,0,2,0,101.2,5,1,77.9
1178,0,2,2,61.3,5,1,73.4
1185,0,3,1,104.1,4,1,62.8
1184,0,2,2,78.4,5,1,84.7
1183,2,4,3,110.6,7,0,133.2
1181,1,0,3,13.9,8,0,119.9
1180,0,3,0,87.2,6,2,118.4
1179,0,2,0,121.8,5,4,44.5
1182,0,0,1,68.7,9,0,113.7
1186,1,2,1,92.3,6,0,119.9
1187,1,3,0,107.6,6,2,117.8
1188,1,4,1,101.9,4,1,35.1
1189,0,0,0,85.1,6,0,104.9
1190,0,0,1,84.2,4,0,79.1
1191,0,3,1,81.8,6,0,103.0
1192,2,1,2,43.1,7,0,95.1
1193,1,3,2,63.7,7,0,149.2
0,1,3,0,148.6,6,2,70.0
2,0,1,1,56.3,4,0,92.0
1,0,3,0,116.1,4,2,86.8
8,0,1,0,71.0,1,1,28.4
7,0,1,0,95.0,4,2,85.7
3,1,4,0,96.8,4,1,72.9
5,0,1,1,86.4,2,1,62.7
4,0,1,1,114.3,5,0,78.9
6,1,3,1,53.1,6,1,113.1
9,1,2,1,41.7,9,0,118.5
11,1,0,0,69.7,4,0,86.5
10,1,0,0,87.3,2,4,70.3
12,0,2,1,78.8,6,0,90.5
13,0,4,0,104.7,7,0,143.0
14,0,1,2,99.6,5,0,94.2
15,0,2,0,75.9,4,2,76.4
16,0,0,2,79.6,4,0,83.9
17,2,0,2,76.3,6,0,88.6
18,1,0,2,39.9,5,0,97.3
19,1,2,3,64.3,7,0,104.8
20,0,5,0,139.6,5,2,99.9
21,1,3,0,83.0,6,0,113.8
22,0,4,0,78.5,4,0,63.7
23,0,3,1,82.2,4,0,60.2
24,0,4,1,98.9,4,0,110.6
25,2,3,0,114.2,8,0,136.6
27,0,3,0,97.6,5,1,89.9
28,0,1,5,68.6,7,0,116.0
26,0,2,0,48.2,4,1,80.9
29,1,2,3,90.7,7,0,108.0
30,1,1,1,117.6,3,2,87.9
31,2,3,0,145.8,8,3,98.0
32,1,1,1,39.3,9,2,123.0
41,2,3,0,82.7,3,0,74.2
40,0,0,0,50.1,6,0,120.0
39,0,1,0,77.6,7,0,80.2
36,0,0,3,59.5,5,0,126.3
37,0,2,0,90.6,6,0,146.2
38,0,1,0,80.0,7,0,142.1
35,0,3,2,100.1,5,3,92.9
34,0,2,2,58.2,7,0,126.0
33,0,1,0,131.4,4,0,35.4
42,0,2,2,110.3,7,0,104.3
43,0,3,1,128.1,2,0,37.2
44,1,0,0,124.1,6,0,102.6
45,1,0,2,52.9,6,0,150.7
46,0,2,0,141.7,4,1,94.5
47,2,0,2,67.5,6,1,127.9
48,0,2,2,104.5,1,1,71.1
56,0,3,0,98.7,6,2,93.8
55,1,1,0,28.5,11,1,125.0
54,0,3,0,81.3,2,1,76.9
52,0,1,0,52.1,6,1,82.2
51,0,4,0,79.3,3,2,64.6
49,1,5,0,146.0,2,2,52.0
53,1,1,0,130.8,6,2,104.6
50,0,3,0,106.7,4,2,61.8
57,0,2,1,91.2,5,1,113.0
58,0,0,1,91.1,4,0,105.9
59,0,0,1,54.3,6,0,83.5
60,0,1,3,79.3,5,0,94.9
61,1,1,0,67.7,9,1,107.5
62,1,2,1,116.7,6,0,104.9
63,1,1,0,94.1,3,0,86.7
71,0,0,2,101.1,6,0,82.2
70,0,1,0,141.8,5,1,103.2
69,2,2,0,85.5,4,0,50.2
64,0,0,0,101.3,3,2,85.5
67,1,0,3,90.2,7,0,128.3
65,0,3,0,63.6,5,0,77.1
68,0,6,0,79.5,4,1,83.7
66,0,2,0,48.2,4,0,37.8
73,0,1,0,98.6,4,1,82.1
72,0,2,0,63.3,3,1,48.9
74,1,1,1,122.9,6,3,105.2
75,0,2,0,130.2,5,1,119.8
76,0,4,0,92.7,3,1,80.0
77,1,3,1,110.7,6,3,48.5
84,0,2,0,38.1,6,0,103.4
83,0,1,3,42.1,6,1,78.7
82,2,2,1,62.3,9,1,77.9
79,0,0,2,65.8,6,0,102.3
78,0,2,3,76.7,4,1,86.4
80,2,5,0,118.3,7,1,48.8
81,1,3,0,80.7,4,3,84.9
85,0,1,3,94.4,7,1,139.4
86,1,0,0,86.2,4,1,83.2
87,1,3,2,100.2,3,1,67.5
88,0,2,0,97.4,5,2,88.6
89,0,2,0,95.9,3,2,71.1
90,1,2,1,82.3,9,1,99.2
91,0,1,0,127.3,5,1,101.2
92,1,0,1,54.9,4,0,101.8
93,2,2,0,112.3,7,0,96.5
99,1,1,1,78.4,4,2,42.1
98,2,3,1,120.9,1,3,74.2
94,0,1,2,39.6,7,0,75.8
96,1,2,0,108.4,6,0,108.6
95,0,1,1,88.2,8,0,67.7
97,0,2,1,84.4,4,0,39.9
100,0,4,1,128.0,3,2,76.1
101,2,0,2,74.3,4,1,105.1
102,0,1,2,63.2,7,3,123.4
103,1,1,1,121.1,2,1,65.5
104,0,1,3,99.7,6,0,121.2
105,0,1,1,110.7,7,0,126.3
106,0,1,2,47.2,8,0,104.5
107,0,3,0,88.1,4,1,68.1
110,0,1,0,66.4,2,1,49.2
111,0,0,0,46.9,7,1,84.2
112,2,3,0,113.3,5,1,119.3
113,0,3,1,76.0,6,1,95.4
114,0,2,1,46.9,5,0,111.2
108,0,2,1,86.8,5,0,108.8
109,2,0,2,71.2,7,1,101.6
115,0,2,1,106.9,8,0,123.2
116,1,3,1,82.2,5,1,83.6
117,1,1,0,87.7,6,2,91.3
118,2,3,1,43.5,8,0,62.2
119,3,2,1,108.9,7,0,106.3
120,0,0,3,95.6,5,2,71.0
126,1,0,0,122.6,3,1,66.4
125,0,1,0,79.9,6,1,91.9
121,0,2,1,53.4,9,4,124.1
123,0,2,1,146.8,4,0,76.6
122,0,1,4,75.7,5,0,100.0
124,1,3,0,78.7,6,0,131.9
128,1,2,0,91.7,3,0,70.3
127,1,4,0,80.0,3,2,57.1
129,0,0,1,102.9,5,0,106.8
130,1,2,0,99.3,5,1,121.3
131,1,7,0,132.4,2,2,86.0
132,0,1,0,111.2,5,3,75.9
140,0,6,1,110.8,4,1,97.0
138,1,0,4,70.5,7,0,118.9
139,0,0,0,92.9,4,0,99.7
136,2,3,1,100.3,4,0,72.5
135,1,0,2,77.1,5,0,64.2
134,0,4,0,117.0,7,5,78.7
133,1,3,2,92.8,3,1,66.8
137,1,2,0,82.6,4,2,60.3
141,2,2,1,55.4,8,1,125.0
142,2,1,1,82.1,6,1,104.8
143,1,1,3,113.9,6,1,123.4
144,0,7,3,126.3,5,0,72.9
145,0,4,1,82.4,8,0,120.4
146,0,1,2,63.7,9,1,115.0
154,0,2,1,90.9,1,4,43.6
152,0,4,0,100.6,5,1,73.4
153,0,2,1,92.4,6,0,97.1
150,0,4,2,132.6,7,1,106.3
147,1,4,1,81.8,2,1,51.4
149,0,1,1,49.8,4,3,58.2
148,1,5,0,120.2,5,1,88.1
151,1,0,1,79.2,5,1,100.8
155,1,1,2,39.9,10,0,108.4
157,0,0,0,117.3,4,2,70.9
156,0,1,0,132.0,2,4,68.2
158,0,5,1,95.9,4,1,28.8
159,1,5,0,115.5,7,2,84.8
160,0,1,0,121.8,6,1,86.6
161,0,4,1,149.1,2,0,60.6
162,0,2,2,44.2,5,1,93.8
168,0,1,3,83.9,7,0,111.3
167,0,0,0,69.4,5,0,79.1
169,0,5,2,80.0,6,0,125.7
164,0,2,1,59.8,6,0,109.4
163,0,0,2,38.3,6,4,109.8
165,1,2,3,70.1,6,2,114.1
166,0,3,0,94.5,3,1,76.0
170,0,0,0,86.4,3,1,72.8
171,0,4,1,101.8,7,0,94.3
172,0,1,1,79.5,4,0,136.3
173,2,2,1,57.6,7,0,83.3
174,0,2,1,134.3,5,1,106.8
175,1,2,0,57.5,6,2,75.7
176,2,0,1,84.4,7,1,93.4
185,0,1,0,82.4,3,0,117.2
184,1,4,0,112.8,5,0,48.3
183,0,2,4,56.9,7,1,122.2
181,0,2,1,135.9,8,1,109.8
180,0,0,1,84.1,5,1,98.1
182,0,3,1,30.5,6,0,74.3
179,1,3,0,90.7,8,0,105.0
177,0,3,0,82.4,2,3,40.7
178,0,2,0,120.4,4,1,72.9
186,1,3,1,66.5,5,1,103.2
189,0,2,1,96.2,4,0,62.1
188,1,0,2,103.7,6,1,106.1
187,2,3,0,89.3,5,3,95.5
190,1,2,4,86.2,5,0,118.6
191,0,2,1,88.5,5,0,96.3
192,0,2,1,103.4,5,0,55.2
199,0,2,3,111.2,4,0,99.4
197,1,1,1,60.1,7,0,71.7
200,0,5,2,112.4,2,2,61.5
195,1,3,0,91.4,4,0,86.0
194,0,3,4,72.0,2,2,57.3
193,1,3,1,75.9,6,0,64.9
196,0,4,0,137.1,3,0,68.0
198,0,0,0,92.2,4,2,89.6
201,0,1,2,68.6,7,0,95.5
202,1,0,1,26.5,6,1,90.8
203,0,2,2,39.6,5,0,85.1
204,0,4,2,94.6,6,0,110.9
205,0,3,1,76.9,7,0,123.7
206,0,6,0,88.9,9,0,99.7
207,0,3,0,59.5,6,1,112.1
208,0,0,3,108.0,4,1,71.3
209,0,3,1,66.8,5,0,115.3
210,1,3,2,49.2,7,1,120.3
213,0,2,1,49.0,6,1,101.7
212,0,5,1,115.8,6,1,98.1
218,0,3,2,47.5,5,1,94.6
217,1,2,3,71.5,6,0,128.0
211,1,4,3,43.6,5,0,116.8
215,0,2,0,48.9,8,0,143.8
214,0,0,3,33.6,7,0,116.0
216,0,3,1,90.2,2,1,41.0
219,0,6,3,89.8,3,0,71.8
220,1,4,1,110.8,7,0,106.8
221,0,5,1,87.6,5,0,110.6
222,0,4,2,59.5,4,0,84.4
223,0,2,0,87.0,4,0,130.5
224,0,0,2,79.7,6,1,109.2
225,0,5,0,85.3,1,4,30.2
228,1,3,2,115.4,6,1,67.8
229,0,0,0,86.5,2,1,49.6
230,0,2,2,78.9,8,1,106.8
231,1,2,2,84.0,6,1,97.2
232,2,3,2,83.9,8,1,96.5
233,0,2,2,69.1,6,0,79.1
234,1,2,1,41.7,4,1,87.8
226,3,6,0,131.1,6,1,63.0
227,2,2,2,60.5,6,0,94.3
235,0,2,2,75.6,8,0,102.4
237,1,0,4,57.9,5,0,74.7
236,0,2,0,107.8,5,1,51.2
238,0,2,0,111.3,2,1,59.2
239,3,0,2,48.1,4,2,59.4
718,0,2,1,57.4,4,0,53.5
720,0,1,0,67.2,5,2,67.8
725,1,2,0,109.7,6,0,93.2
724,0,2,2,37.2,6,1,89.9
719,0,1,1,17.1,9,0,113.9
722,0,3,0,156.3,7,1,129.5
723,1,0,0,45.1,5,1,95.1
721,1,1,1,62.9,6,1,102.2
726,0,2,0,127.5,6,1,103.7
727,1,0,1,81.1,4,0,82.4
728,1,0,0,92.7,6,0,84.2
729,1,0,1,118.1,2,1,57.6
730,1,3,2,77.2,5,1,110.3
731,1,0,3,116.8,4,2,39.4
732,0,0,0,97.2,4,0,62.8
733,1,3,4,76.0,7,0,107.7
741,0,1,2,94.6,5,0,114.6
740,2,0,0,123.1,4,0,74.6
739,0,0,0,107.6,5,2,125.4
737,2,1,5,98.8,5,0,144.4
735,0,2,1,105.3,6,0,116.1
734,0,2,0,143.2,5,0,63.3
738,1,4,0,154.8,6,2,104.3
736,0,1,0,77.2,4,2,88.3
742,1,5,1,101.7,7,0,118.4
743,0,1,1,53.0,5,3,108.1
744,1,3,0,106.1,6,0,111.0
745,0,0,1,114.6,5,1,61.8
746,1,0,2,98.6,5,1,95.4
747,1,2,0,86.1,5,1,83.0
748,1,1,1,38.2,5,0,74.2
750,0,3,1,120.7,7,0,148.1
751,1,2,2,91.4,6,0,110.4
752,0,3,1,67.3,5,0,91.4
753,0,2,2,77.7,5,0,84.9
754,0,4,1,111.2,2,1,83.6
755,0,4,1,83.8,5,0,156.3
756,0,1,2,114.7,7,1,115.5
757,0,1,0,75.1,3,1,72.5
758,0,2,0,132.3,5,2,98.4
749,0,0,0,64.8,6,1,108.0
759,2,3,2,105.7,6,0,123.8
760,1,3,2,54.5,4,0,109.8
761,1,0,1,73.5,3,1,73.6
762,0,0,1,65.1,7,0,101.9
763,0,5,0,120.7,6,1,81.3
764,1,3,2,117.3,7,1,157.5
765,0,1,2,62.5,8,0,154.6
766,0,4,2,109.5,7,1,134.5
767,1,0,0,99.4,6,3,99.4
768,1,0,1,71.3,7,0,94.2
769,0,2,1,74.0,7,1,114.8
770,1,0,0,36.3,5,1,76.9
771,0,1,0,131.5,6,1,118.6
772,0,2,1,102.8,7,1,108.5
773,2,0,1,70.7,8,1,92.4
774,0,2,2,90.5,4,0,88.5
775,0,0,0,82.9,6,1,97.2
776,0,3,1,76.5,4,0,99.1
777,1,4,1,109.5,4,1,72.5
778,0,2,2,89.5,5,3,73.4
779,1,1,3,84.4,7,0,102.6
781,2,1,0,51.6,3,3,40.0
787,1,0,1,57.4,6,0,89.3
786,1,0,1,59.0,3,1,81.7
785,3,1,2,108.0,6,0,101.9
780,1,0,2,101.5,8,1,75.5
783,0,2,1,95.0,7,0,98.1
782,1,1,3,95.1,7,0,112.7
784,1,1,5,54.7,7,0,62.7
788,1,2,1,94.0,6,0,143.4
789,0,2,0,77.1,4,2,78.4
790,0,4,1,88.2,6,0,132.5
791,1,4,0,109.6,5,1,115.3
792,0,0,1,66.5,6,1,98.2
793,1,2,4,69.9,8,0,153.2
794,0,2,0,122.2,4,1,66.1
797,2,2,1,93.2,6,2,88.1
798,0,0,0,125.4,2,1,83.0
799,1,3,1,77.8,10,0,113.9
800,1,1,2,77.4,6,1,87.0
801,2,0,1,122.5,6,0,94.9
802,1,0,0,51.7,5,0,59.3
803,0,5,0,104.3,3,3,52.6
795,0,3,0,100.7,4,0,92.3
796,0,1,0,115.4,7,0,125.6
804,0,2,1,58.8,5,1,91.7
806,1,0,1,70.8,9,2,107.5
805,0,1,1,82.9,1,0,90.1
807,0,1,1,110.0,9,1,109.2
808,2,2,0,115.3,7,2,100.4
809,0,5,0,106.1,3,1,44.2
810,0,2,1,92.8,5,0,137.7
811,2,0,1,39.8,7,2,131.5
812,2,4,1,108.2,6,1,69.8
813,1,0,2,104.4,7,1,66.6
814,0,3,1,101.3,4,4,119.6
815,0,6,1,95.9,4,2,34.4
816,0,3,1,138.1,4,0,114.9
817,0,1,0,81.8,2,1,75.2
818,1,3,5,114.9,5,2,98.3
819,2,0,2,96.5,5,1,91.8
820,0,1,0,127.4,4,1,56.1
821,0,1,1,71.1,8,1,123.7
822,0,1,1,113.8,6,0,115.7
823,0,0,1,77.6,7,1,156.0
824,1,1,0,119.6,6,2,88.1
825,0,1,1,75.8,5,1,102.7
826,1,1,2,70.1,7,1,117.6
827,0,2,1,80.8,6,1,94.3
828,1,1,0,87.8,4,4,72.7
829,1,4,1,97.9,6,1,125.0
830,0,3,2,158.3,3,0,96.9
831,0,2,2,76.3,6,2,107.5
832,0,1,0,125.6,5,2,136.6
833,1,4,0,102.9,6,1,111.7
834,0,0,0,83.9,5,0,82.5
835,0,2,0,91.7,4,3,107.7
836,0,3,0,85.8,3,2,72.5
837,0,0,1,92.2,7,0,151.9
838,0,0,2,87.8,7,1,133.3
839,0,0,0,76.0,3,3,45.3
840,0,5,0,121.6,3,2,82.3
841,0,1,1,91.7,5,1,78.6
842,1,1,3,83.0,5,1,93.9
843,0,1,2,31.8,4,2,78.3
844,0,1,0,129.0,5,3,95.9
846,0,0,1,125.9,4,2,90.4
845,0,3,0,105.9,3,3,89.2
847,0,2,2,115.7,8,2,137.0
848,1,2,1,89.2,6,1,102.9
849,2,1,0,119.9,3,1,96.2
850,1,1,1,103.0,9,0,156.4
858,2,4,4,102.2,5,0,129.3
857,1,1,1,111.5,5,0,123.5
856,0,2,2,58.5,6,0,125.4
855,0,6,1,118.6,2,3,35.8
852,1,2,5,74.9,6,0,148.6
853,0,0,0,100.5,2,0,82.0
851,0,6,1,144.6,3,2,66.9
854,0,2,3,72.5,7,0,126.9
859,0,5,1,105.1,3,3,83.5
860,1,2,1,123.2,8,0,113.0
861,1,2,4,66.6,6,2,112.1
862,0,4,1,102.8,5,2,102.5
863,0,0,0,110.7,6,0,73.7
864,0,2,0,128.8,6,2,110.3
870,0,1,0,111.4,5,0,87.7
871,0,1,0,74.4,7,0,134.2
869,0,2,2,65.4,5,0,72.5
866,1,4,0,72.9,4,1,47.9
867,0,4,1,86.7,5,1,70.1
865,0,2,0,86.5,6,0,94.1
868,0,6,2,78.0,7,0,155.8
872,0,3,2,80.0,6,0,91.3
873,0,1,0,100.5,4,0,67.9
874,0,0,2,31.9,9,1,150.1
875,1,2,1,76.5,6,0,61.9
876,2,4,1,117.6,10,1,117.1
877,1,0,0,107.1,4,2,67.4
878,0,1,0,68.7,6,1,121.6
879,3,1,6,102.9,6,0,111.9
886,0,3,0,46.8,5,0,89.8
885,0,3,2,128.3,5,1,110.6
884,0,2,1,143.9,4,4,79.5
882,0,2,0,91.8,6,1,108.6
881,1,2,2,74.9,7,0,58.4
880,0,0,0,62.1,6,0,117.4
883,0,2,1,115.4,4,1,73.9
887,0,3,1,73.4,8,1,131.6
888,2,0,1,92.9,5,0,99.9
889,1,0,0,119.4,5,2,109.1
890,1,0,1,94.0,5,1,129.5
891,1,1,1,147.7,6,1,130.9
892,0,0,1,71.6,4,0,115.6
899,1,1,2,75.4,8,0,102.1
901,1,0,0,68.6,5,0,78.7
900,0,3,0,61.2,4,2,79.8
898,1,0,3,66.8,3,0,90.6
895,0,0,1,63.7,5,0,114.4
896,1,3,5,84.0,6,2,80.7
897,1,1,1,71.7,4,0,103.6
894,1,0,2,76.9,4,1,84.0
893,1,1,0,95.5,3,0,82.7
902,1,3,1,120.0,7,0,123.2
903,0,1,0,53.2,6,0,90.4
904,2,2,2,95.3,8,0,140.9
905,0,2,2,70.4,5,1,102.5
906,0,3,0,115.4,6,1,87.4
907,0,1,0,67.1,6,1,98.9
908,1,1,5,81.5,7,1,75.3
916,0,1,3,73.6,6,0,124.3
915,1,1,3,97.5,6,0,103.1
914,0,0,0,103.6,4,2,99.3
913,1,0,3,92.9,5,3,91.5
911,1,2,1,90.9,3,0,71.5
910,0,2,0,97.3,3,1,53.2
909,1,5,1,80.4,6,0,43.3
912,0,2,0,112.4,5,0,155.2
917,0,3,7,76.1,5,1,102.1
918,0,3,1,96.2,6,1,99.8
919,0,2,1,105.8,5,2,122.4
920,1,2,1,120.3,5,1,104.9
921,1,1,0,74.7,2,1,69.2
922,0,2,3,21.3,4,0,33.3
923,1,0,2,89.0,5,1,37.9
924,0,5,1,89.0,5,0,110.3
925,0,3,0,134.2,5,3,100.0
926,1,1,2,83.8,5,2,60.9
927,0,4,1,54.9,5,1,91.0
928,0,4,1,72.3,1,3,54.1
929,0,1,2,59.0,8,0,112.2
930,0,1,0,93.9,4,0,35.7
931,0,0,5,64.7,5,0,81.1
932,2,4,0,85.7,7,2,51.3
933,0,3,1,68.9,5,1,120.4
934,0,2,0,106.7,3,2,89.3
935,1,1,2,69.6,8,0,98.3
936,0,2,1,117.3,7,0,110.6
937,0,1,1,89.9,4,0,79.9
938,0,2,1,89.4,5,1,74.5
939,1,1,1,69.1,2,2,71.7
940,0,1,0,55.2,4,0,107.3
941,1,2,2,101.3,3,0,51.7
942,2,4,0,126.9,3,2,62.9
943,1,4,1,114.5,6,4,118.0
944,1,6,2,103.8,8,2,128.4
945,1,3,1,52.6,5,2,46.4
946,1,3,0,86.3,2,0,82.8
947,0,2,1,137.9,4,3,62.3
948,2,2,2,97.2,6,0,106.8
949,0,1,0,101.7,5,0,94.0
950,0,3,1,123.4,6,1,127.9
951,2,3,1,113.5,3,1,65.8
952,1,0,0,118.1,3,2,85.7
953,2,0,2,108.8,6,0,90.2
954,2,1,1,103.4,7,0,127.2
955,0,2,2,72.1,6,0,89.7
