2016-01-04,3.520000,3.580000,3.430000,3.520000,-0.1,-2.76,-1
2016-01-05,3.550000,3.580000,3.450000,3.580000,0.06,1.7,1
2016-01-06,3.520000,3.670000,3.470000,3.590000,0.01,0.28,1
2016-01-07,3.480000,3.510000,3.330000,3.350000,-0.24,-6.69,-1
2016-01-08,3.460000,3.580000,3.400000,3.400000,0.05,1.49,1
2016-01-11,3.440000,3.450000,3.300000,3.360000,-0.04,-1.18,-1
2016-01-12,3.430000,3.440000,3.310000,3.370000,0.01,0.3,1
2016-01-13,3.400000,3.440000,3.050000,3.100000,-0.27,-8.01,-1
2016-01-14,3.080000,3.250000,3.010000,3.190000,0.09,2.9,1
2016-01-15,3.120000,3.140000,2.840000,2.870000,-0.32,-10.03,-1
2016-01-19,2.930000,2.940000,2.610000,2.640000,-0.23,-8.01,-1
2016-01-20,2.550000,2.560000,2.180000,2.450000,-0.19,-7.2,-1
2016-01-21,2.470000,2.580000,2.340000,2.500000,0.05,2.04,1
2016-01-22,2.620000,2.970000,2.620000,2.870000,0.37,14.8,1
2016-01-25,2.970000,3.050000,2.440000,2.520000,-0.35,-12.2,-1
2016-01-26,3.010000,3.100000,2.720000,2.990000,0.47,18.65,1
2016-01-27,3.030000,3.210000,2.910000,2.920000,-0.07,-2.34,-1
2016-01-28,2.990000,3.120000,2.980000,3.050000,0.13,4.45,1
2016-01-29,3.110000,3.120000,2.980000,3.020000,-0.03,-0.98,-1
2016-02-01,3.040000,3.090000,2.980000,3.070000,0.05,1.66,1
2016-02-02,3.020000,3.050000,2.700000,2.770000,-0.3,-9.77,-1
2016-02-03,2.830000,2.900000,2.710000,2.840000,0.07,2.53,1
2016-02-04,2.850000,3.010000,2.800000,2.830000,-0.01,-0.35,-1
2016-02-05,2.840000,2.930000,2.770000,2.850000,0.02,0.71,1
2016-02-08,2.800000,2.840000,2.530000,2.550000,-0.3,-10.53,-1
2016-02-09,2.520000,2.720000,2.450000,2.650000,0.1,3.92,1
2016-02-10,2.670000,2.800000,2.620000,2.720000,0.07,2.64,1
2016-02-11,2.650000,2.750000,2.530000,2.550000,-0.17,-6.25,-1
2016-02-12,2.560000,2.740000,2.560000,2.660000,0.11,4.31,1
2016-02-16,2.810000,2.880000,2.660000,2.790000,0.13,4.89,1
2016-02-17,2.840000,3.000000,2.840000,2.990000,0.2,7.17,1
2016-02-18,3.050000,3.090000,2.890000,3.070000,0.08,2.68,1
2016-02-19,3.010000,3.020000,2.890000,2.930000,-0.14,-4.56,-1
2016-02-22,2.980000,3.050000,2.950000,3.020000,0.09,3.07,1
2016-02-23,3.000000,3.080000,2.950000,2.950000,-0.07,-2.32,-1
2016-02-24,2.920000,3.050000,2.870000,3.050000,0.1,3.39,1
2016-02-25,3.040000,3.140000,3.000000,3.070000,0.02,0.66,1
2016-02-26,3.080000,3.340000,3.080000,3.330000,0.26,8.47,1
2016-02-29,3.310000,3.460000,3.210000,3.440000,0.11,3.3,1
2016-03-01,3.430000,3.480000,3.370000,3.470000,0.03,0.87,1
2016-03-02,3.480000,3.820000,3.440000,3.750000,0.28,8.07,1
2016-03-03,3.740000,4.050000,3.730000,4.000000,0.25,6.67,1
2016-03-04,4.020000,4.190000,3.670000,3.820000,-0.18,-4.5,-1
2016-03-07,3.820000,4.090000,3.820000,3.970000,0.15,3.93,1
2016-03-08,3.940000,4.050000,3.870000,3.980000,0.01,0.25,1
2016-03-09,3.980000,4.060000,3.880000,3.960000,-0.02,-0.5,-1
2016-03-10,4.000000,4.020000,3.640000,3.730000,-0.23,-5.81,-1
2016-03-11,3.790000,3.820000,3.680000,3.710000,-0.02,-0.54,-1
2016-03-14,3.700000,3.770000,3.650000,3.720000,0.01,0.27,1
2016-03-15,3.700000,3.760000,3.540000,3.550000,-0.17,-4.57,-1
2016-03-16,3.620000,3.630000,3.450000,3.570000,0.02,0.56,1
2016-03-17,3.540000,3.590000,3.330000,3.400000,-0.17,-4.76,-1
2016-03-18,3.430000,3.480000,3.260000,3.260000,-0.14,-4.12,-1
2016-03-21,3.260000,3.270000,3.170000,3.210000,-0.05,-1.53,-1
2016-03-22,3.200000,3.440000,3.190000,3.370000,0.16,4.98,1
2016-03-23,3.350000,3.370000,3.120000,3.150000,-0.22,-6.53,-1
2016-03-24,3.160000,3.270000,3.140000,3.260000,0.11,3.49,1
2016-03-28,3.260000,3.330000,3.220000,3.260000,0.0,0.0,0
2016-03-29,3.260000,3.460000,3.220000,3.420000,0.16,4.91,1
2016-03-30,3.440000,3.540000,3.410000,3.450000,0.03,0.88,1
2016-03-31,3.430000,3.490000,3.350000,3.480000,0.03,0.87,1
2016-04-01,3.410000,3.690000,3.400000,3.630000,0.15,4.31,1
2016-04-04,3.650000,3.670000,3.440000,3.440000,-0.19,-5.23,-1
2016-04-05,3.490000,3.550000,3.380000,3.500000,0.06,1.74,1
2016-04-06,3.470000,3.640000,3.460000,3.590000,0.09,2.57,1
2016-04-07,3.550000,3.620000,3.440000,3.510000,-0.08,-2.23,-1
2016-04-08,3.520000,3.560000,3.470000,3.500000,-0.01,-0.28,-1
2016-04-11,3.520000,3.540000,3.430000,3.430000,-0.07,-2.0,-1
2016-04-12,3.470000,3.500000,3.360000,3.490000,0.06,1.75,1
2016-04-13,3.370000,3.460000,3.300000,3.420000,-0.07,-2.01,-1
2016-04-14,3.450000,3.540000,3.410000,3.500000,0.08,2.34,1
2016-04-15,3.470000,3.650000,3.460000,3.590000,0.09,2.57,1
2016-04-18,3.520000,3.650000,3.510000,3.560000,-0.03,-0.84,-1
2016-04-19,3.590000,3.700000,3.580000,3.680000,0.12,3.37,1
2016-04-20,3.670000,3.810000,3.640000,3.800000,0.12,3.26,1
2016-04-21,3.810000,3.900000,3.630000,3.680000,-0.12,-3.16,-1
2016-04-22,3.680000,3.800000,3.680000,3.740000,0.06,1.63,1
2016-04-25,3.730000,3.800000,3.660000,3.800000,0.06,1.6,1
2016-04-26,3.810000,3.810000,3.660000,3.680000,-0.12,-3.16,-1
2016-04-27,3.690000,3.740000,3.670000,3.680000,0.0,0.0,0
2016-04-28,3.690000,3.700000,3.580000,3.580000,-0.1,-2.72,-1
2016-04-29,3.570000,3.730000,3.380000,3.430000,-0.15,-4.19,-1
2016-05-02,3.460000,3.530000,3.380000,3.490000,0.06,1.75,1
2016-05-03,3.520000,3.690000,3.370000,3.670000,0.18,5.16,1
2016-05-04,3.570000,3.640000,3.450000,3.470000,-0.2,-5.45,-1
2016-05-05,3.530000,3.550000,3.430000,3.440000,-0.03,-0.86,-1
2016-05-06,3.440000,3.580000,3.440000,3.540000,0.1,2.91,1
2016-05-09,3.530000,3.590000,3.400000,3.400000,-0.14,-3.95,-1
2016-05-10,3.480000,3.530000,3.420000,3.500000,0.1,2.94,1
2016-05-11,3.500000,3.570000,3.470000,3.490000,-0.01,-0.29,-1
2016-05-12,3.540000,3.550000,3.400000,3.490000,0.0,0.0,0
2016-05-13,3.450000,3.500000,3.430000,3.440000,-0.05,-1.43,-1
2016-05-16,3.420000,3.480000,3.390000,3.430000,-0.01,-0.29,-1
2016-05-17,3.400000,3.530000,3.390000,3.520000,0.09,2.62,1
2016-05-18,3.500000,3.620000,3.450000,3.580000,0.06,1.7,1
2016-05-19,3.560000,3.720000,3.560000,3.660000,0.08,2.23,1
2016-05-20,3.600000,3.660000,3.580000,3.590000,-0.07,-1.91,-1
2016-05-23,3.590000,3.660000,3.550000,3.570000,-0.02,-0.56,-1
2016-05-24,3.580000,3.610000,3.510000,3.510000,-0.06,-1.68,-1
2016-05-25,3.540000,3.560000,3.460000,3.530000,0.02,0.57,1
2016-05-26,3.550000,3.620000,3.530000,3.610000,0.08,2.27,1
2016-05-27,3.600000,3.700000,3.600000,3.680000,0.07,1.94,1
2016-05-31,3.650000,3.850000,3.650000,3.800000,0.12,3.26,1
2016-06-01,3.800000,3.820000,3.690000,3.750000,-0.05,-1.32,-1
2016-06-02,3.670000,3.790000,3.650000,3.770000,0.02,0.53,1
2016-06-03,3.770000,3.780000,3.690000,3.780000,0.01,0.27,1
2016-06-06,3.800000,3.850000,3.730000,3.840000,0.06,1.59,1
2016-06-07,3.830000,3.980000,3.800000,3.910000,0.07,1.82,1
2016-06-08,3.920000,3.950000,3.760000,3.820000,-0.09,-2.3,-1
2016-06-09,3.830000,3.840000,3.760000,3.810000,-0.01,-0.26,-1
2016-06-10,3.750000,3.780000,3.690000,3.710000,-0.1,-2.62,-1
2016-06-13,3.690000,3.820000,3.620000,3.620000,-0.09,-2.43,-1
2016-06-14,3.630000,3.690000,3.610000,3.680000,0.06,1.66,1
2016-06-15,3.680000,3.820000,3.670000,3.790000,0.11,2.99,1
2016-06-16,3.790000,3.790000,3.670000,3.710000,-0.08,-2.11,-1
2016-06-17,3.710000,3.770000,3.690000,3.710000,0.0,0.0,0
2016-06-20,3.770000,3.880000,3.760000,3.860000,0.15,4.04,1
2016-06-21,3.870000,4.400000,3.870000,4.160000,0.3,7.77,1
2016-06-22,4.200000,4.470000,4.180000,4.380000,0.22,5.29,1
2016-06-23,4.380000,4.480000,4.280000,4.390000,0.01,0.23,1
2016-06-24,4.170000,4.370000,4.050000,4.120000,-0.27,-6.15,-1
2016-06-27,4.130000,4.230000,4.040000,4.190000,0.07,1.7,1
2016-06-28,4.250000,4.340000,4.240000,4.330000,0.14,3.34,1
2016-06-29,4.380000,4.530000,4.380000,4.480000,0.15,3.46,1
2016-06-30,4.520000,4.560000,4.450000,4.530000,0.05,1.12,1
2016-07-01,4.520000,4.570000,4.430000,4.530000,0.0,0.0,0
2016-07-05,4.530000,4.570000,4.410000,4.490000,-0.04,-0.88,-1
2016-07-06,4.450000,4.500000,4.360000,4.450000,-0.04,-0.89,-1
2016-07-07,4.470000,4.590000,4.400000,4.540000,0.09,2.02,1
2016-07-08,4.560000,4.690000,4.490000,4.680000,0.14,3.08,1
2016-07-11,4.700000,4.900000,4.670000,4.870000,0.19,4.06,1
2016-07-12,4.910000,4.950000,4.790000,4.820000,-0.05,-1.03,-1
2016-07-13,4.810000,4.930000,4.680000,4.890000,0.07,1.45,1
2016-07-14,4.940000,5.070000,4.910000,5.010000,0.12,2.45,1
2016-07-15,5.050000,5.050000,4.930000,5.000000,-0.01,-0.2,-1
2016-07-18,5.000000,5.000000,4.600000,4.750000,-0.25,-5.0,-1
2016-07-19,4.740000,4.750000,4.500000,4.520000,-0.23,-4.84,-1
2016-07-20,4.540000,4.590000,4.420000,4.520000,0.0,0.0,0
2016-07-21,4.530000,4.660000,4.500000,4.600000,0.08,1.77,1
2016-07-22,4.640000,4.770000,4.590000,4.620000,0.02,0.43,1
2016-07-25,4.850000,5.960000,4.830000,5.900000,1.28,27.71,1
2016-07-26,5.800000,6.280000,5.680000,6.250000,0.35,5.93,1
2016-07-27,6.200000,6.350000,5.550000,5.790000,-0.46,-7.36,-1
2016-07-28,5.830000,6.000000,5.750000,6.000000,0.21,3.63,1
2016-07-29,5.940000,6.220000,5.900000,6.140000,0.14,2.33,1
2016-08-01,6.140000,6.240000,6.110000,6.120000,-0.02,-0.33,-1
2016-08-02,6.120000,6.190000,5.860000,5.960000,-0.16,-2.61,-1
2016-08-03,5.940000,6.120000,5.870000,6.090000,0.13,2.18,1
2016-08-04,6.030000,6.250000,5.980000,6.220000,0.13,2.13,1
2016-08-05,6.220000,6.350000,6.140000,6.170000,-0.05,-0.8,-1
2016-08-08,6.170000,6.280000,6.160000,6.220000,0.05,0.81,1
2016-08-09,6.220000,6.250000,6.120000,6.180000,-0.04,-0.64,-1
2016-08-10,6.200000,6.260000,6.150000,6.160000,-0.02,-0.32,-1
2016-08-11,6.160000,6.200000,5.970000,6.100000,-0.06,-0.97,-1
2016-08-12,6.130000,6.150000,6.050000,6.090000,-0.01,-0.16,-1
2016-08-15,6.100000,6.180000,6.070000,6.150000,0.06,0.99,1
2016-08-16,6.130000,6.180000,6.040000,6.050000,-0.1,-1.63,-1
2016-08-17,6.050000,6.070000,5.870000,6.010000,-0.04,-0.66,-1
2016-08-18,5.950000,6.100000,5.950000,6.020000,0.01,0.17,1
2016-08-19,6.010000,6.040000,5.850000,5.930000,-0.09,-1.5,-1
2016-08-22,5.900000,6.060000,5.890000,6.040000,0.11,1.85,1
2016-08-23,6.040000,6.160000,6.020000,6.120000,0.08,1.32,1
2016-08-24,6.090000,6.180000,6.070000,6.090000,-0.03,-0.49,-1
2016-08-25,5.980000,6.190000,5.920000,6.180000,0.09,1.48,1
2016-08-26,6.140000,6.300000,6.070000,6.140000,-0.04,-0.65,-1
2016-08-29,6.170000,6.260000,6.130000,6.230000,0.09,1.47,1
2016-08-30,6.200000,6.250000,6.120000,6.140000,-0.09,-1.44,-1
2016-08-31,6.120000,6.240000,6.080000,6.180000,0.04,0.65,1
2016-09-01,6.180000,6.250000,6.160000,6.200000,0.02,0.32,1
2016-09-02,6.200000,6.440000,6.190000,6.420000,0.22,3.55,1
2016-09-06,6.440000,6.450000,6.300000,6.340000,-0.08,-1.25,-1
2016-09-07,6.320000,6.640000,6.310000,6.630000,0.29,4.57,1
2016-09-08,6.620000,7.030000,6.510000,6.800000,0.17,2.56,1
2016-09-09,6.730000,6.970000,6.560000,6.650000,-0.15,-2.21,-1
2016-09-12,6.540000,7.010000,6.420000,6.920000,0.27,4.06,1
2016-09-13,6.880000,6.970000,6.450000,6.560000,-0.36,-5.2,-1
2016-09-14,6.590000,6.640000,6.450000,6.510000,-0.05,-0.76,-1
2016-09-15,6.530000,6.850000,6.530000,6.790000,0.28,4.3,1
2016-09-16,6.790000,6.840000,6.590000,6.650000,-0.14,-2.06,-1
2016-09-19,6.680000,6.730000,6.550000,6.650000,0.0,0.0,0
2016-09-20,6.720000,6.940000,6.180000,6.210000,-0.44,-6.62,-1
2016-09-21,6.300000,6.450000,6.230000,6.360000,0.15,2.42,1
2016-09-22,6.440000,6.650000,6.380000,6.620000,0.26,4.09,1
2016-09-23,6.610000,6.690000,6.580000,6.640000,0.02,0.3,1
2016-09-26,6.640000,6.780000,6.630000,6.650000,0.01,0.15,1
2016-09-27,6.710000,6.790000,6.670000,6.730000,0.08,1.2,1
2016-09-28,6.730000,6.790000,6.680000,6.780000,0.05,0.74,1
2016-09-29,6.750000,6.840000,6.650000,6.660000,-0.12,-1.77,-1
2016-09-30,6.670000,6.720000,6.530000,6.630000,-0.03,-0.45,-1
2016-10-03,6.610000,6.650000,6.500000,6.570000,-0.06,-0.9,-1
2016-10-04,6.610000,6.750000,6.580000,6.700000,0.13,1.98,1
2016-10-05,6.700000,6.730000,6.620000,6.660000,-0.04,-0.6,-1
2016-10-06,6.620000,6.620000,6.520000,6.530000,-0.13,-1.95,-1
2016-10-07,6.550000,6.610000,6.430000,6.480000,-0.05,-0.77,-1
2016-10-10,6.520000,6.790000,6.500000,6.730000,0.25,3.86,1
2016-10-11,6.710000,6.800000,6.650000,6.780000,0.05,0.74,1
2016-10-12,6.890000,7.010000,6.760000,6.780000,0.0,0.0,0
2016-10-13,6.840000,6.970000,6.560000,6.770000,-0.01,-0.15,-1
2016-10-14,6.920000,7.100000,6.830000,7.030000,0.26,3.84,1
2016-10-17,7.010000,7.030000,6.840000,6.920000,-0.11,-1.56,-1
2016-10-18,7.020000,7.160000,6.640000,6.860000,-0.06,-0.87,-1
2016-10-19,6.870000,6.990000,6.800000,6.880000,0.02,0.29,1
2016-10-20,6.880000,6.920000,6.700000,6.720000,-0.16,-2.33,-1
2016-10-21,6.720000,6.740000,6.520000,6.550000,-0.17,-2.53,-1
2016-10-24,6.600000,6.950000,6.590000,6.920000,0.37,5.65,1
2016-10-25,6.770000,6.880000,6.250000,6.500000,-0.42,-6.07,-1
2016-10-26,6.410000,6.510000,6.310000,6.360000,-0.14,-2.15,-1
2016-10-27,6.400000,6.460000,6.180000,6.290000,-0.07,-1.1,-1
2016-10-28,6.310000,6.520000,6.300000,6.310000,0.02,0.32,1
2016-10-31,6.360000,6.380000,6.160000,6.160000,-0.15,-2.38,-1
2016-11-01,6.150000,6.240000,6.050000,6.170000,0.01,0.16,1
2016-11-02,6.150000,6.150000,5.830000,5.950000,-0.22,-3.57,-1
2016-11-03,5.980000,6.160000,5.950000,6.070000,0.12,2.02,1
2016-11-04,6.070000,6.290000,6.070000,6.130000,0.06,0.99,1
2016-11-07,6.310000,6.310000,6.130000,6.180000,0.05,0.82,1
2016-11-08,6.210000,6.370000,6.170000,6.270000,0.09,1.46,1
2016-11-09,6.220000,7.200000,6.200000,7.110000,0.84,13.4,1
2016-11-10,7.130000,7.440000,6.920000,7.080000,-0.03,-0.42,-1
2016-11-11,7.010000,7.190000,6.850000,7.090000,0.01,0.14,1
2016-11-14,7.130000,7.540000,7.100000,7.500000,0.41,5.78,1
2016-11-15,7.500000,7.770000,7.410000,7.740000,0.24,3.2,1
2016-11-16,7.710000,7.810000,7.430000,7.680000,-0.06,-0.78,-1
2016-11-17,7.690000,7.710000,7.460000,7.490000,-0.19,-2.47,-1
2016-11-18,7.530000,7.560000,7.290000,7.350000,-0.14,-1.87,-1
2016-11-21,7.430000,7.590000,7.390000,7.450000,0.1,1.36,1
2016-11-22,7.480000,7.670000,7.460000,7.650000,0.2,2.68,1
2016-11-23,7.640000,7.720000,7.530000,7.690000,0.04,0.52,1
2016-11-25,7.690000,7.940000,7.670000,7.890000,0.2,2.6,1
2016-11-28,7.810000,7.960000,7.800000,7.860000,-0.03,-0.38,-1
2016-11-29,7.900000,8.100000,7.890000,8.000000,0.14,1.78,1
2016-11-30,8.100000,8.110000,7.840000,7.840000,-0.16,-2.0,-1
2016-12-01,7.850000,8.000000,7.840000,7.940000,0.1,1.28,1
2016-12-02,7.910000,8.000000,7.910000,7.980000,0.04,0.5,1
2016-12-05,8.010000,8.100000,7.950000,8.050000,0.07,0.88,1
2016-12-06,8.080000,8.610000,7.930000,8.170000,0.12,1.49,1
2016-12-07,8.440000,8.980000,8.170000,8.900000,0.73,8.94,1
2016-12-08,8.890000,8.940000,8.710000,8.740000,-0.16,-1.8,-1
2016-12-09,8.710000,8.800000,8.410000,8.480000,-0.26,-2.97,-1
2016-12-12,8.360000,8.400000,8.120000,8.200000,-0.28,-3.3,-1
2016-12-13,8.240000,8.350000,8.040000,8.280000,0.08,0.98,1
2016-12-14,8.290000,8.490000,8.240000,8.330000,0.05,0.6,1
2016-12-15,8.330000,8.500000,8.300000,8.450000,0.12,1.44,1
2016-12-16,8.500000,8.500000,8.220000,8.240000,-0.21,-2.49,-1
2016-12-19,8.270000,8.490000,8.250000,8.440000,0.2,2.43,1
2016-12-20,8.450000,8.500000,8.390000,8.430000,-0.01,-0.12,-1
2016-12-21,8.390000,8.480000,8.340000,8.410000,-0.02,-0.24,-1
2016-12-22,8.370000,8.590000,8.270000,8.500000,0.09,1.07,1
2016-12-23,8.500000,8.590000,8.480000,8.500000,0.0,0.0,0
2016-12-27,8.480000,8.730000,8.460000,8.690000,0.19,2.24,1
2016-12-28,8.670000,8.760000,8.670000,8.720000,0.03,0.35,1
2016-12-29,8.770000,8.900000,8.700000,8.810000,0.09,1.03,1
2016-12-30,8.870000,8.880000,8.400000,8.420000,-0.39,-4.43,-1
2017-01-03,8.510000,8.580000,8.430000,8.560000,0.14,1.66,1
2017-01-04,8.600000,8.860000,8.480000,8.790000,0.23,2.69,1
2017-01-05,8.920000,9.000000,8.710000,8.770000,-0.02,-0.23,-1
2017-01-06,8.800000,8.880000,8.670000,8.690000,-0.08,-0.91,-1
2017-01-09,8.690000,8.750000,8.590000,8.700000,0.01,0.12,1
2017-01-10,8.700000,8.770000,8.600000,8.760000,0.06,0.69,1
2017-01-11,8.750000,8.760000,8.530000,8.630000,-0.13,-1.48,-1
2017-01-12,8.600000,8.620000,8.320000,8.460000,-0.17,-1.97,-1
2017-01-13,8.470000,8.630000,8.460000,8.610000,0.15,1.77,1
2017-01-17,8.650000,8.960000,8.570000,8.650000,0.04,0.46,1
2017-01-18,8.690000,8.760000,8.610000,8.730000,0.08,0.92,1
2017-01-19,8.800000,9.100000,8.780000,8.970000,0.24,2.75,1
2017-01-20,9.000000,9.090000,8.870000,8.930000,-0.04,-0.45,-1
2017-01-23,9.000000,9.250000,8.980000,9.180000,0.25,2.8,1
2017-01-24,9.200000,9.220000,9.060000,9.190000,0.01,0.11,1
2017-01-25,9.200000,9.230000,9.110000,9.190000,0.0,0.0,0
2017-01-26,9.250000,9.480000,9.250000,9.430000,0.24,2.61,1
2017-01-27,9.470000,9.470000,9.220000,9.220000,-0.21,-2.23,-1
2017-01-30,9.250000,9.310000,9.030000,9.110000,-0.11,-1.19,-1
2017-01-31,9.150000,9.650000,9.050000,9.230000,0.12,1.32,1
2017-02-01,9.290000,9.320000,8.780000,9.010000,-0.22,-2.38,-1
2017-02-02,8.980000,8.980000,8.430000,8.530000,-0.48,-5.33,-1
2017-02-03,8.600000,8.690000,8.360000,8.430000,-0.1,-1.17,-1
2017-02-06,8.460000,8.480000,8.310000,8.360000,-0.07,-0.83,-1
2017-02-07,8.350000,8.390000,8.130000,8.340000,-0.02,-0.24,-1
2017-02-08,8.380000,8.700000,8.340000,8.660000,0.32,3.84,1
2017-02-09,8.670000,8.810000,8.660000,8.770000,0.11,1.27,1
2017-02-10,8.920000,8.970000,8.780000,8.960000,0.19,2.17,1
2017-02-13,8.600000,9.020000,8.490000,8.840000,-0.12,-1.34,-1
2017-02-14,8.780000,9.180000,8.750000,9.070000,0.23,2.6,1
2017-02-15,9.180000,9.220000,9.090000,9.120000,0.05,0.55,1
2017-02-16,9.120000,9.200000,8.920000,9.000000,-0.12,-1.32,-1
2017-02-17,9.000000,9.440000,8.840000,9.300000,0.3,3.33,1
2017-02-21,9.320000,9.360000,9.160000,9.270000,-0.03,-0.32,-1
2017-02-22,9.230000,9.310000,9.190000,9.290000,0.02,0.22,1
2017-02-23,9.220000,9.280000,8.940000,8.960000,-0.33,-3.55,-1
2017-02-24,8.940000,8.990000,8.850000,8.940000,-0.02,-0.22,-1
2017-02-27,8.910000,8.990000,8.850000,8.910000,-0.03,-0.34,-1
2017-02-28,8.920000,8.990000,8.770000,8.810000,-0.1,-1.12,-1
2017-03-01,8.850000,9.000000,8.820000,8.840000,0.03,0.34,1
2017-03-02,8.810000,8.860000,8.710000,8.730000,-0.11,-1.24,-1
2017-03-03,8.780000,8.910000,8.660000,8.900000,0.17,1.95,1
2017-03-06,8.890000,8.890000,8.570000,8.780000,-0.12,-1.35,-1
2017-03-07,8.720000,8.800000,8.270000,8.300000,-0.48,-5.47,-1
2017-03-08,8.360000,8.540000,8.310000,8.410000,0.11,1.33,1
2017-03-09,8.430000,8.520000,8.240000,8.310000,-0.1,-1.19,-1
2017-03-10,8.330000,8.410000,8.130000,8.280000,-0.03,-0.36,-1
2017-03-13,8.290000,8.520000,8.290000,8.480000,0.2,2.42,1
2017-03-14,8.480000,8.510000,8.340000,8.370000,-0.11,-1.3,-1
2017-03-15,8.390000,8.700000,8.270000,8.660000,0.29,3.46,1
2017-03-16,8.700000,8.750000,8.570000,8.610000,-0.05,-0.58,-1
2017-03-17,8.630000,8.710000,8.530000,8.570000,-0.04,-0.46,-1
2017-03-20,8.590000,8.640000,8.470000,8.500000,-0.07,-0.82,-1
2017-03-21,8.520000,8.580000,8.250000,8.280000,-0.22,-2.59,-1
2017-03-22,8.340000,8.480000,8.220000,8.270000,-0.01,-0.12,-1
2017-03-23,8.300000,8.500000,8.280000,8.460000,0.19,2.3,1
2017-03-24,8.420000,8.570000,8.390000,8.500000,0.04,0.47,1
2017-03-27,8.440000,8.470000,8.210000,8.290000,-0.21,-2.47,-1
2017-03-28,8.290000,8.380000,8.210000,8.330000,0.04,0.48,1
2017-03-29,8.320000,8.540000,8.300000,8.480000,0.15,1.8,1
2017-03-30,8.440000,8.540000,8.440000,8.520000,0.04,0.47,1
2017-03-31,8.510000,8.720000,8.500000,8.680000,0.16,1.88,1
2017-04-03,8.680000,8.750000,8.520000,8.670000,-0.01,-0.12,-1
2017-04-04,8.620000,8.700000,8.560000,8.680000,0.01,0.12,1
2017-04-05,8.680000,8.700000,8.410000,8.410000,-0.27,-3.11,-1
2017-04-06,8.390000,8.430000,8.300000,8.390000,-0.02,-0.24,-1
2017-04-07,8.340000,8.520000,8.330000,8.370000,-0.02,-0.24,-1
2017-04-10,8.610000,8.630000,8.320000,8.360000,-0.01,-0.12,-1
2017-04-11,8.360000,8.430000,8.210000,8.320000,-0.04,-0.48,-1
2017-04-12,8.300000,8.390000,8.240000,8.340000,0.02,0.24,1
2017-04-13,8.330000,8.370000,8.250000,8.280000,-0.06,-0.72,-1
2017-04-17,8.280000,8.420000,8.260000,8.400000,0.12,1.45,1
2017-04-18,8.370000,8.550000,8.320000,8.500000,0.1,1.19,1
2017-04-19,8.520000,8.600000,8.470000,8.570000,0.07,0.82,1
2017-04-20,8.540000,8.620000,8.470000,8.580000,0.01,0.12,1
2017-04-21,8.590000,8.600000,8.420000,8.500000,-0.08,-0.93,-1
2017-04-24,8.650000,8.780000,8.610000,8.710000,0.21,2.47,1
2017-04-25,8.800000,8.990000,8.790000,8.950000,0.24,2.76,1
2017-04-26,8.950000,8.990000,8.890000,8.910000,-0.04,-0.45,-1
2017-04-27,8.910000,9.080000,8.880000,9.030000,0.12,1.35,1
2017-04-28,9.050000,9.090000,8.980000,9.030000,0.0,0.0,0
2017-05-01,9.050000,9.220000,9.000000,9.110000,0.08,0.89,1
2017-05-02,9.150000,9.170000,8.970000,9.070000,-0.04,-0.44,-1
2017-05-03,8.950000,8.950000,7.670000,7.770000,-1.3,-14.33,-1
2017-05-04,7.850000,8.090000,7.750000,7.940000,0.17,2.19,1
2017-05-05,7.990000,8.090000,7.830000,8.040000,0.1,1.26,1
2017-05-08,8.120000,8.160000,7.700000,7.760000,-0.28,-3.48,-1
2017-05-09,7.780000,7.920000,7.670000,7.900000,0.14,1.8,1
2017-05-10,8.000000,8.120000,7.850000,7.880000,-0.02,-0.25,-1
2017-05-11,7.900000,8.020000,7.750000,7.870000,-0.01,-0.13,-1
2017-05-12,8.110000,8.130000,7.830000,7.950000,0.08,1.02,1
2017-05-15,7.950000,7.990000,7.770000,7.880000,-0.07,-0.88,-1
2017-05-16,7.900000,7.960000,7.830000,7.940000,0.06,0.76,1
2017-05-17,7.870000,8.000000,7.320000,7.340000,-0.6,-7.56,-1
2017-05-18,7.340000,7.950000,7.320000,7.890000,0.55,7.49,1
2017-05-19,7.890000,8.200000,7.890000,8.070000,0.18,2.28,1
2017-05-22,8.060000,8.210000,7.960000,8.170000,0.1,1.24,1
2017-05-23,8.140000,8.250000,8.070000,8.180000,0.01,0.12,1
2017-05-24,8.200000,8.220000,8.110000,8.170000,-0.01,-0.12,-1
2017-05-25,8.220000,8.470000,8.180000,8.330000,0.16,1.96,1
2017-05-26,8.360000,8.440000,8.300000,8.400000,0.07,0.84,1
2017-05-30,8.400000,8.490000,8.360000,8.440000,0.04,0.48,1
2017-05-31,8.490000,8.530000,8.400000,8.490000,0.05,0.59,1
2017-06-01,8.550000,8.620000,8.490000,8.550000,0.06,0.71,1
2017-06-02,8.600000,9.020000,8.580000,8.870000,0.32,3.74,1
2017-06-05,8.850000,8.980000,8.770000,8.960000,0.09,1.01,1
2017-06-06,8.880000,8.970000,8.700000,8.780000,-0.18,-2.01,-1
2017-06-07,8.790000,8.890000,8.630000,8.640000,-0.14,-1.59,-1
2017-06-08,8.640000,8.710000,8.520000,8.600000,-0.04,-0.46,-1
2017-06-09,8.560000,8.570000,8.030000,8.120000,-0.48,-5.58,-1
2017-06-12,8.080000,8.210000,7.990000,8.210000,0.09,1.11,1
2017-06-13,8.240000,8.320000,8.220000,8.260000,0.05,0.61,1
2017-06-14,8.270000,8.310000,8.080000,8.140000,-0.12,-1.45,-1
2017-06-15,8.060000,8.090000,7.980000,8.060000,-0.08,-0.98,-1
2017-06-16,8.050000,8.060000,7.750000,7.800000,-0.26,-3.23,-1
2017-06-19,7.810000,7.980000,7.810000,7.930000,0.13,1.67,1
2017-06-20,7.930000,8.350000,7.750000,8.140000,0.21,2.65,1
2017-06-21,8.160000,8.350000,8.060000,8.210000,0.07,0.86,1
2017-06-22,8.220000,8.230000,8.010000,8.070000,-0.14,-1.71,-1
2017-06-23,8.120000,8.160000,8.030000,8.050000,-0.02,-0.25,-1
2017-06-26,8.070000,8.160000,7.950000,8.010000,-0.04,-0.5,-1
2017-06-27,8.150000,8.500000,8.130000,8.180000,0.17,2.12,1
2017-06-28,8.200000,8.320000,8.100000,8.280000,0.1,1.22,1
2017-06-29,8.250000,8.340000,8.060000,8.150000,-0.13,-1.57,-1
2017-06-30,8.170000,8.290000,8.060000,8.210000,0.06,0.74,1
2017-07-03,8.200000,8.230000,8.130000,8.150000,-0.06,-0.73,-1
2017-07-05,8.190000,8.320000,8.120000,8.230000,0.08,0.98,1
2017-07-06,8.250000,8.250000,8.020000,8.040000,-0.19,-2.31,-1
2017-07-07,8.040000,8.170000,8.040000,8.130000,0.09,1.12,1
2017-07-10,8.130000,8.270000,8.110000,8.230000,0.1,1.23,1
2017-07-11,8.230000,8.240000,8.120000,8.140000,-0.09,-1.09,-1
2017-07-12,8.160000,8.280000,8.150000,8.230000,0.09,1.11,1
2017-07-13,8.250000,8.300000,8.150000,8.200000,-0.03,-0.36,-1
2017-07-14,8.200000,8.900000,8.120000,8.550000,0.35,4.27,1
2017-07-17,8.590000,8.590000,8.240000,8.390000,-0.16,-1.87,-1
2017-07-18,8.350000,8.470000,8.330000,8.450000,0.06,0.72,1
2017-07-19,8.430000,8.460000,8.330000,8.410000,-0.04,-0.47,-1
2017-07-20,8.500000,8.520000,8.370000,8.380000,-0.03,-0.36,-1
2017-07-21,8.390000,8.590000,8.370000,8.530000,0.15,1.79,1
2017-07-24,8.530000,8.640000,8.490000,8.540000,0.01,0.12,1
2017-07-25,8.550000,8.770000,8.540000,8.700000,0.16,1.87,1
2017-07-26,8.700000,8.710000,8.540000,8.550000,-0.15,-1.72,-1
2017-07-27,8.560000,8.560000,8.070000,8.200000,-0.35,-4.09,-1
2017-07-28,8.160000,8.330000,8.120000,8.220000,0.02,0.24,1
2017-07-31,8.180000,8.290000,7.870000,7.980000,-0.24,-2.92,-1
2017-08-01,8.350000,8.920000,8.330000,8.870000,0.89,11.15,1
2017-08-02,8.850000,8.880000,8.580000,8.790000,-0.08,-0.9,-1
2017-08-03,8.780000,8.780000,8.530000,8.540000,-0.25,-2.84,-1
2017-08-04,8.530000,8.750000,8.530000,8.700000,0.16,1.87,1
2017-08-07,8.780000,8.870000,8.500000,8.620000,-0.08,-0.92,-1
2017-08-08,8.600000,8.630000,8.360000,8.400000,-0.22,-2.55,-1
2017-08-09,8.330000,8.340000,8.130000,8.220000,-0.18,-2.14,-1
2017-08-10,8.150000,8.190000,8.010000,8.030000,-0.19,-2.31,-1
2017-08-11,8.030000,8.350000,7.970000,8.310000,0.28,3.49,1
2017-08-14,8.430000,8.470000,8.360000,8.410000,0.1,1.2,1
2017-08-15,8.400000,8.450000,8.250000,8.300000,-0.11,-1.31,-1
2017-08-16,8.300000,8.350000,8.230000,8.300000,0.0,0.0,0
2017-08-17,8.240000,8.280000,8.070000,8.090000,-0.21,-2.53,-1
2017-08-18,8.100000,8.160000,8.060000,8.070000,-0.02,-0.25,-1
2017-08-21,8.100000,8.130000,8.010000,8.080000,0.01,0.12,1
2017-08-22,8.130000,8.260000,8.090000,8.220000,0.14,1.73,1
2017-08-23,8.190000,8.380000,8.180000,8.290000,0.07,0.85,1
2017-08-24,8.320000,8.500000,8.310000,8.420000,0.13,1.57,1
2017-08-25,8.480000,8.540000,8.380000,8.430000,0.01,0.12,1
2017-08-28,8.450000,8.450000,8.270000,8.290000,-0.14,-1.66,-1
2017-08-29,8.170000,8.290000,8.150000,8.270000,-0.02,-0.24,-1
2017-08-30,8.270000,8.300000,8.190000,8.250000,-0.02,-0.24,-1
2017-08-31,8.250000,8.330000,8.250000,8.250000,0.0,0.0,0
2017-09-01,8.300000,8.320000,8.200000,8.270000,0.02,0.24,1
2017-09-05,8.250000,8.280000,8.100000,8.180000,-0.09,-1.09,-1
2017-09-06,8.160000,8.220000,8.120000,8.130000,-0.05,-0.61,-1
2017-09-07,8.130000,8.180000,7.930000,7.970000,-0.16,-1.97,-1
2017-09-08,7.950000,7.980000,7.660000,7.740000,-0.23,-2.89,-1
2017-09-11,7.800000,7.840000,7.500000,7.610000,-0.13,-1.68,-1
2017-09-12,7.640000,7.970000,7.620000,7.900000,0.29,3.81,1
2017-09-13,7.880000,7.970000,7.840000,7.850000,-0.05,-0.63,-1
2017-09-14,7.810000,8.050000,7.740000,7.750000,-0.1,-1.27,-1
2017-09-15,7.830000,7.840000,7.600000,7.690000,-0.06,-0.77,-1
2017-09-18,7.700000,7.730000,7.580000,7.680000,-0.01,-0.13,-1
2017-09-19,7.630000,8.450000,7.560000,8.200000,0.52,6.77,1
2017-09-20,8.250000,8.440000,7.950000,8.030000,-0.17,-2.07,-1
2017-09-21,8.020000,8.100000,7.930000,8.030000,0.0,0.0,0
2017-09-22,8.310000,8.550000,8.300000,8.520000,0.49,6.1,1
2017-09-25,8.300000,8.300000,7.750000,7.820000,-0.7,-8.22,-1
2017-09-26,7.810000,7.940000,7.710000,7.890000,0.07,0.9,1
2017-09-27,7.910000,7.950000,7.830000,7.850000,-0.04,-0.51,-1
2017-09-28,7.810000,7.860000,7.660000,7.750000,-0.1,-1.27,-1
2017-09-29,7.760000,7.790000,7.650000,7.780000,0.03,0.39,1
2017-10-02,7.780000,7.790000,7.610000,7.690000,-0.09,-1.16,-1
2017-10-03,7.720000,7.920000,7.720000,7.900000,0.21,2.73,1
2017-10-04,7.900000,8.000000,7.550000,7.580000,-0.32,-4.05,-1
2017-10-05,7.600000,7.690000,7.480000,7.500000,-0.08,-1.06,-1
2017-10-06,7.520000,7.550000,7.330000,7.360000,-0.14,-1.87,-1
2017-10-09,7.380000,7.430000,7.260000,7.320000,-0.04,-0.54,-1
2017-10-10,7.340000,7.350000,7.040000,7.140000,-0.18,-2.46,-1
2017-10-11,7.140000,7.350000,6.770000,7.190000,0.05,0.7,1
2017-10-12,7.110000,7.180000,7.030000,7.140000,-0.05,-0.7,-1
2017-10-13,7.140000,7.260000,7.000000,7.120000,-0.02,-0.28,-1
2017-10-16,7.150000,7.220000,7.130000,7.150000,0.03,0.42,1
2017-10-17,7.140000,7.180000,7.060000,7.090000,-0.06,-0.84,-1
2017-10-18,7.080000,7.150000,7.050000,7.050000,-0.04,-0.56,-1
2017-10-19,6.970000,7.130000,6.950000,7.070000,0.02,0.28,1
2017-10-20,7.010000,7.080000,6.900000,6.930000,-0.14,-1.98,-1
2017-10-23,6.920000,7.030000,6.840000,6.860000,-0.07,-1.01,-1
2017-10-24,6.910000,7.030000,6.840000,7.000000,0.14,2.04,1
2017-10-25,6.990000,7.210000,6.900000,7.100000,0.1,1.43,1
2017-10-26,7.030000,7.190000,6.970000,7.000000,-0.1,-1.41,-1
2017-10-27,7.020000,7.050000,6.940000,6.990000,-0.01,-0.14,-1
2017-10-30,7.020000,7.050000,6.050000,6.340000,-0.65,-9.3,-1
2017-10-31,6.360000,6.570000,6.340000,6.540000,0.2,3.15,1
2017-11-01,6.580000,6.600000,6.340000,6.460000,-0.08,-1.22,-1
2017-11-02,6.490000,6.530000,6.390000,6.430000,-0.03,-0.46,-1
2017-11-03,6.550000,6.750000,6.540000,6.670000,0.24,3.73,1
2017-11-06,5.870000,6.010000,5.720000,5.900000,-0.77,-11.54,-1
2017-11-07,5.950000,5.970000,5.740000,5.750000,-0.15,-2.54,-1
2017-11-08,5.700000,6.090000,5.620000,5.990000,0.24,4.17,1
2017-11-09,5.960000,6.320000,5.960000,6.170000,0.18,3.01,1
2017-11-10,6.120000,6.250000,6.050000,6.190000,0.02,0.32,1
2017-11-13,6.190000,6.190000,5.970000,6.030000,-0.16,-2.58,-1
2017-11-14,6.000000,6.060000,5.930000,5.930000,-0.1,-1.66,-1
2017-11-15,5.930000,6.180000,5.920000,6.160000,0.23,3.88,1
2017-11-16,6.200000,6.270000,6.120000,6.250000,0.09,1.46,1
2017-11-17,6.200000,6.270000,6.180000,6.230000,-0.02,-0.32,-1
2017-11-20,6.230000,6.230000,6.160000,6.210000,-0.02,-0.32,-1
2017-11-21,6.230000,6.240000,6.050000,6.080000,-0.13,-2.09,-1
2017-11-22,6.080000,6.160000,6.020000,6.150000,0.07,1.15,1
2017-11-24,6.120000,6.210000,6.110000,6.150000,0.0,0.0,0
2017-11-27,6.130000,6.190000,6.100000,6.150000,0.0,0.0,0
2017-11-28,6.140000,6.190000,6.050000,6.070000,-0.08,-1.3,-1
2017-11-29,6.050000,6.130000,5.990000,6.070000,0.0,0.0,0
2017-11-30,6.100000,6.130000,5.970000,5.990000,-0.08,-1.32,-1
2017-12-01,6.000000,6.030000,5.910000,5.970000,-0.02,-0.33,-1
2017-12-04,6.050000,6.050000,5.930000,5.950000,-0.02,-0.34,-1
2017-12-05,5.900000,5.950000,5.740000,5.740000,-0.21,-3.53,-1
2017-12-06,5.800000,5.840000,5.680000,5.690000,-0.05,-0.87,-1
2017-12-07,5.680000,5.680000,5.430000,5.460000,-0.23,-4.04,-1
2017-12-08,5.470000,5.520000,5.420000,5.440000,-0.02,-0.37,-1
2017-12-11,5.430000,5.490000,5.420000,5.440000,0.0,0.0,0
2017-12-12,5.470000,5.720000,5.430000,5.680000,0.24,4.41,1
2017-12-13,5.670000,5.810000,5.640000,5.690000,0.01,0.18,1
2017-12-14,5.660000,5.720000,5.620000,5.630000,-0.06,-1.05,-1
2017-12-15,5.630000,5.730000,5.480000,5.490000,-0.14,-2.49,-1
2017-12-18,5.520000,5.710000,5.510000,5.600000,0.11,2.0,1
2017-12-19,5.620000,5.720000,5.550000,5.580000,-0.02,-0.36,-1
2017-12-20,5.600000,5.660000,5.580000,5.580000,0.0,0.0,0
2017-12-21,5.570000,5.700000,5.570000,5.620000,0.04,0.72,1
2017-12-22,5.650000,5.730000,5.610000,5.640000,0.02,0.36,1
2017-12-26,5.620000,5.850000,5.620000,5.790000,0.15,2.66,1
2017-12-27,5.850000,5.980000,5.820000,5.840000,0.05,0.86,1
2017-12-28,5.880000,5.950000,5.870000,5.910000,0.07,1.2,1
2017-12-29,5.960000,6.010000,5.890000,5.890000,-0.02,-0.34,-1
